game_id,pair_id,opening_plies,opening_moves,player_x,player_o,winner,moves
0,0,2,16 67,ckpt-iter4530-cb04e705-s512,cpp-alphabeta-d10,1,49
1,0,2,16 67,cpp-alphabeta-d10,ckpt-iter4530-cb04e705-s512,1,55
2,1,2,27 6,ckpt-iter4530-cb04e705-s512,cpp-alphabeta-d10,1,37
3,1,2,27 6,cpp-alphabeta-d10,ckpt-iter4530-cb04e705-s512,-1,50
4,2,2,79 67,ckpt-iter4530-cb04e705-s512,cpp-alphabeta-d10,1,53
5,2,2,79 67,cpp-alphabeta-d10,ckpt-iter4530-cb04e705-s512,0,55
6,3,2,29 22,ckpt-iter4530-cb04e705-s512,cpp-alphabeta-d10,1,43
7,3,2,29 22,cpp-alphabeta-d10,ckpt-iter4530-cb04e705-s512,-1,44
8,4,2,23 48,ckpt-iter4530-cb04e705-s512,cpp-alphabeta-d10,1,53
9,4,2,23 48,cpp-alphabeta-d10,ckpt-iter4530-cb04e705-s512,-1,42
10,5,2,48 34,ckpt-iter4530-cb04e705-s512,cpp-alphabeta-d10,1,43
11,5,2,48 34,cpp-alphabeta-d10,ckpt-iter4530-cb04e705-s512,1,49
12,6,2,78 55,ckpt-iter4530-cb04e705-s512,cpp-alphabeta-d10,-1,58
13,6,2,78 55,cpp-alphabeta-d10,ckpt-iter4530-cb04e705-s512,-1,44
14,7,2,34 63,ckpt-iter4530-cb04e705-s512,cpp-alphabeta-d10,1,51
15,7,2,34 63,cpp-alphabeta-d10,ckpt-iter4530-cb04e705-s512,0,45
16,8,2,21 33,ckpt-iter4530-cb04e705-s512,cpp-alphabeta-d10,-1,48
17,8,2,21 33,cpp-alphabeta-d10,ckpt-iter4530-cb04e705-s512,-1,52
18,9,2,16 68,ckpt-iter4530-cb04e705-s512,cpp-alphabeta-d10,1,53
19,9,2,16 68,cpp-alphabeta-d10,ckpt-iter4530-cb04e705-s512,-1,52
20,10,2,63 1,ckpt-iter4530-cb04e705-s512,cpp-alphabeta-d10,1,47
21,10,2,63 1,cpp-alphabeta-d10,ckpt-iter4530-cb04e705-s512,0,55
22,11,2,10 14,ckpt-iter4530-cb04e705-s512,cpp-alphabeta-d10,-1,54
23,11,2,10 14,cpp-alphabeta-d10,ckpt-iter4530-cb04e705-s512,-1,48
24,12,2,6 62,ckpt-iter4530-cb04e705-s512,cpp-alphabeta-d10,-1,50
25,12,2,6 62,cpp-alphabeta-d10,ckpt-iter4530-cb04e705-s512,-1,40
26,13,2,7 63,ckpt-iter4530-cb04e705-s512,cpp-alphabeta-d10,1,47
27,13,2,7 63,cpp-alphabeta-d10,ckpt-iter4530-cb04e705-s512,-1,42
28,14,2,79 66,ckpt-iter4530-cb04e705-s512,cpp-alphabeta-d10,1,47
29,14,2,79 66,cpp-alphabeta-d10,ckpt-iter4530-cb04e705-s512,-1,36
30,15,2,65 23,ckpt-iter4530-cb04e705-s512,cpp-alphabeta-d10,1,47
31,15,2,65 23,cpp-alphabeta-d10,ckpt-iter4530-cb04e705-s512,1,47
32,16,2,39 34,ckpt-iter4530-cb04e705-s512,cpp-alphabeta-d10,1,45
33,16,2,39 34,cpp-alphabeta-d10,ckpt-iter4530-cb04e705-s512,-1,42
34,17,2,10 11,ckpt-iter4530-cb04e705-s512,cpp-alphabeta-d10,1,45
35,17,2,10 11,cpp-alphabeta-d10,ckpt-iter4530-cb04e705-s512,1,57
36,18,2,3 30,ckpt-iter4530-cb04e705-s512,cpp-alphabeta-d10,1,47
37,18,2,3 30,cpp-alphabeta-d10,ckpt-iter4530-cb04e705-s512,0,52
38,19,2,69 55,ckpt-iter4530-cb04e705-s512,cpp-alphabeta-d10,1,51
39,19,2,69 55,cpp-alphabeta-d10,ckpt-iter4530-cb04e705-s512,1,57
40,20,2,3 30,ckpt-iter4530-cb04e705-s512,cpp-alphabeta-d10,1,47
41,20,2,3 30,cpp-alphabeta-d10,ckpt-iter4530-cb04e705-s512,0,52
42,21,2,68 49,ckpt-iter4530-cb04e705-s512,cpp-alphabeta-d10,-1,54
43,21,2,68 49,cpp-alphabeta-d10,ckpt-iter4530-cb04e705-s512,-1,48
44,22,2,21 28,ckpt-iter4530-cb04e705-s512,cpp-alphabeta-d10,1,43
45,22,2,21 28,cpp-alphabeta-d10,ckpt-iter4530-cb04e705-s512,-1,46
46,23,2,21 30,ckpt-iter4530-cb04e705-s512,cpp-alphabeta-d10,-1,50
47,23,2,21 30,cpp-alphabeta-d10,ckpt-iter4530-cb04e705-s512,1,49
48,24,2,77 51,ckpt-iter4530-cb04e705-s512,cpp-alphabeta-d10,-1,46
49,24,2,77 51,cpp-alphabeta-d10,ckpt-iter4530-cb04e705-s512,-1,46
50,25,2,42 62,ckpt-iter4530-cb04e705-s512,cpp-alphabeta-d10,1,57
51,25,2,42 62,cpp-alphabeta-d10,ckpt-iter4530-cb04e705-s512,1,67
52,26,2,65 26,ckpt-iter4530-cb04e705-s512,cpp-alphabeta-d10,0,62
53,26,2,65 26,cpp-alphabeta-d10,ckpt-iter4530-cb04e705-s512,-1,40
54,27,2,28 13,ckpt-iter4530-cb04e705-s512,cpp-alphabeta-d10,1,39
55,27,2,28 13,cpp-alphabeta-d10,ckpt-iter4530-cb04e705-s512,0,49
56,28,2,77 53,ckpt-iter4530-cb04e705-s512,cpp-alphabeta-d10,1,49
57,28,2,77 53,cpp-alphabeta-d10,ckpt-iter4530-cb04e705-s512,-1,50
58,29,2,44 73,ckpt-iter4530-cb04e705-s512,cpp-alphabeta-d10,0,60
59,29,2,44 73,cpp-alphabeta-d10,ckpt-iter4530-cb04e705-s512,-1,46
60,30,2,42 61,ckpt-iter4530-cb04e705-s512,cpp-alphabeta-d10,1,51
61,30,2,42 61,cpp-alphabeta-d10,ckpt-iter4530-cb04e705-s512,0,58
62,31,2,78 55,ckpt-iter4530-cb04e705-s512,cpp-alphabeta-d10,-1,58
63,31,2,78 55,cpp-alphabeta-d10,ckpt-iter4530-cb04e705-s512,-1,44
64,32,2,14 47,ckpt-iter4530-cb04e705-s512,cpp-alphabeta-d10,1,45
65,32,2,14 47,cpp-alphabeta-d10,ckpt-iter4530-cb04e705-s512,0,45
66,33,2,13 41,ckpt-iter4530-cb04e705-s512,cpp-alphabeta-d10,1,49
67,33,2,13 41,cpp-alphabeta-d10,ckpt-iter4530-cb04e705-s512,-1,48
68,34,2,74 22,ckpt-iter4530-cb04e705-s512,cpp-alphabeta-d10,1,43
69,34,2,74 22,cpp-alphabeta-d10,ckpt-iter4530-cb04e705-s512,-1,54
70,35,2,68 48,ckpt-iter4530-cb04e705-s512,cpp-alphabeta-d10,1,43
71,35,2,68 48,cpp-alphabeta-d10,ckpt-iter4530-cb04e705-s512,0,57
0,0,2,72 5,ckpt-iter4530-cb04e705-s512,cpp-alphabeta-d6,-1,54
1,0,2,72 5,cpp-alphabeta-d6,ckpt-iter4530-cb04e705-s512,-1,52
2,1,2,73 15,ckpt-iter4530-cb04e705-s512,cpp-alphabeta-d6,1,53
3,1,2,73 15,cpp-alphabeta-d6,ckpt-iter4530-cb04e705-s512,-1,44
4,2,2,53 79,ckpt-iter4530-cb04e705-s512,cpp-alphabeta-d6,1,45
5,2,2,53 79,cpp-alphabeta-d6,ckpt-iter4530-cb04e705-s512,-1,38
6,3,2,63 7,ckpt-iter4530-cb04e705-s512,cpp-alphabeta-d6,1,43
7,3,2,63 7,cpp-alphabeta-d6,ckpt-iter4530-cb04e705-s512,-1,44
8,4,2,26 73,ckpt-iter4530-cb04e705-s512,cpp-alphabeta-d6,1,39
9,4,2,26 73,cpp-alphabeta-d6,ckpt-iter4530-cb04e705-s512,-1,44
10,5,2,14 45,ckpt-iter4530-cb04e705-s512,cpp-alphabeta-d6,1,45
11,5,2,14 45,cpp-alphabeta-d6,ckpt-iter4530-cb04e705-s512,-1,46
12,6,2,73 17,ckpt-iter4530-cb04e705-s512,cpp-alphabeta-d6,1,41
13,6,2,73 17,cpp-alphabeta-d6,ckpt-iter4530-cb04e705-s512,0,52
14,7,2,27 7,ckpt-iter4530-cb04e705-s512,cpp-alphabeta-d6,1,43
15,7,2,27 7,cpp-alphabeta-d6,ckpt-iter4530-cb04e705-s512,-1,44
16,8,2,69 54,ckpt-iter4530-cb04e705-s512,cpp-alphabeta-d6,1,43
17,8,2,69 54,cpp-alphabeta-d6,ckpt-iter4530-cb04e705-s512,-1,46
18,9,2,77 47,ckpt-iter4530-cb04e705-s512,cpp-alphabeta-d6,1,51
19,9,2,77 47,cpp-alphabeta-d6,ckpt-iter4530-cb04e705-s512,-1,42
20,10,2,76 41,ckpt-iter4530-cb04e705-s512,cpp-alphabeta-d6,1,39
21,10,2,76 41,cpp-alphabeta-d6,ckpt-iter4530-cb04e705-s512,1,55
22,11,2,48 34,ckpt-iter4530-cb04e705-s512,cpp-alphabeta-d6,1,55
23,11,2,48 34,cpp-alphabeta-d6,ckpt-iter4530-cb04e705-s512,-1,48
24,12,2,73 10,ckpt-iter4530-cb04e705-s512,cpp-alphabeta-d6,1,45
25,12,2,73 10,cpp-alphabeta-d6,ckpt-iter4530-cb04e705-s512,-1,40
26,13,2,34 67,ckpt-iter4530-cb04e705-s512,cpp-alphabeta-d6,1,47
27,13,2,34 67,cpp-alphabeta-d6,ckpt-iter4530-cb04e705-s512,-1,52
28,14,2,31 36,ckpt-iter4530-cb04e705-s512,cpp-alphabeta-d6,1,39
29,14,2,31 36,cpp-alphabeta-d6,ckpt-iter4530-cb04e705-s512,-1,52
30,15,2,51 62,ckpt-iter4530-cb04e705-s512,cpp-alphabeta-d6,1,51
31,15,2,51 62,cpp-alphabeta-d6,ckpt-iter4530-cb04e705-s512,-1,50
32,16,2,32 45,ckpt-iter4530-cb04e705-s512,cpp-alphabeta-d6,1,51
33,16,2,32 45,cpp-alphabeta-d6,ckpt-iter4530-cb04e705-s512,-1,46
34,17,2,11 20,ckpt-iter4530-cb04e705-s512,cpp-alphabeta-d6,1,55
35,17,2,11 20,cpp-alphabeta-d6,ckpt-iter4530-cb04e705-s512,-1,44
36,18,2,79 69,ckpt-iter4530-cb04e705-s512,cpp-alphabeta-d6,1,51
37,18,2,79 69,cpp-alphabeta-d6,ckpt-iter4530-cb04e705-s512,0,59
38,19,2,73 14,ckpt-iter4530-cb04e705-s512,cpp-alphabeta-d6,1,53
39,19,2,73 14,cpp-alphabeta-d6,ckpt-iter4530-cb04e705-s512,1,57
40,20,2,12 28,ckpt-iter4530-cb04e705-s512,cpp-alphabeta-d6,1,51
41,20,2,12 28,cpp-alphabeta-d6,ckpt-iter4530-cb04e705-s512,0,55
42,21,2,64 13,ckpt-iter4530-cb04e705-s512,cpp-alphabeta-d6,1,55
43,21,2,64 13,cpp-alphabeta-d6,ckpt-iter4530-cb04e705-s512,1,55
44,22,2,54 7,ckpt-iter4530-cb04e705-s512,cpp-alphabeta-d6,1,41
45,22,2,54 7,cpp-alphabeta-d6,ckpt-iter4530-cb04e705-s512,-1,52
46,23,2,0 8,ckpt-iter4530-cb04e705-s512,cpp-alphabeta-d6,1,49
47,23,2,0 8,cpp-alphabeta-d6,ckpt-iter4530-cb04e705-s512,-1,52
48,24,2,44 77,ckpt-iter4530-cb04e705-s512,cpp-alphabeta-d6,0,60
49,24,2,44 77,cpp-alphabeta-d6,ckpt-iter4530-cb04e705-s512,-1,44
50,25,2,39 31,ckpt-iter4530-cb04e705-s512,cpp-alphabeta-d6,1,45
51,25,2,39 31,cpp-alphabeta-d6,ckpt-iter4530-cb04e705-s512,-1,44
52,26,2,44 79,ckpt-iter4530-cb04e705-s512,cpp-alphabeta-d6,1,41
53,26,2,44 79,cpp-alphabeta-d6,ckpt-iter4530-cb04e705-s512,-1,50
54,27,2,11 23,ckpt-iter4530-cb04e705-s512,cpp-alphabeta-d6,1,41
55,27,2,11 23,cpp-alphabeta-d6,ckpt-iter4530-cb04e705-s512,-1,50
56,28,2,9 2,ckpt-iter4530-cb04e705-s512,cpp-alphabeta-d6,1,49
57,28,2,9 2,cpp-alphabeta-d6,ckpt-iter4530-cb04e705-s512,-1,52
58,29,2,12 27,ckpt-iter4530-cb04e705-s512,cpp-alphabeta-d6,1,53
59,29,2,12 27,cpp-alphabeta-d6,ckpt-iter4530-cb04e705-s512,-1,44
60,30,2,6 62,ckpt-iter4530-cb04e705-s512,cpp-alphabeta-d6,1,43
61,30,2,6 62,cpp-alphabeta-d6,ckpt-iter4530-cb04e705-s512,-1,50
62,31,2,36 1,ckpt-iter4530-cb04e705-s512,cpp-alphabeta-d6,0,56
63,31,2,36 1,cpp-alphabeta-d6,ckpt-iter4530-cb04e705-s512,-1,48
64,32,2,58 43,ckpt-iter4530-cb04e705-s512,cpp-alphabeta-d6,1,39
65,32,2,58 43,cpp-alphabeta-d6,ckpt-iter4530-cb04e705-s512,-1,46
66,33,2,6 61,ckpt-iter4530-cb04e705-s512,cpp-alphabeta-d6,1,37
67,33,2,6 61,cpp-alphabeta-d6,ckpt-iter4530-cb04e705-s512,-1,44
68,34,2,67 38,ckpt-iter4530-cb04e705-s512,cpp-alphabeta-d6,1,51
69,34,2,67 38,cpp-alphabeta-d6,ckpt-iter4530-cb04e705-s512,-1,50
70,35,2,30 27,ckpt-iter4530-cb04e705-s512,cpp-alphabeta-d6,1,41
71,35,2,30 27,cpp-alphabeta-d6,ckpt-iter4530-cb04e705-s512,-1,50
0,0,2,32 48,ckpt-iter4530-cb04e705-s512,cpp-alphabeta-d4,1,45
1,0,2,32 48,cpp-alphabeta-d4,ckpt-iter4530-cb04e705-s512,-1,50
2,1,2,50 49,ckpt-iter4530-cb04e705-s512,cpp-alphabeta-d4,1,43
3,1,2,50 49,cpp-alphabeta-d4,ckpt-iter4530-cb04e705-s512,-1,52
4,2,2,56 26,ckpt-iter4530-cb04e705-s512,cpp-alphabeta-d4,1,39
5,2,2,56 26,cpp-alphabeta-d4,ckpt-iter4530-cb04e705-s512,-1,44
6,3,2,77 52,ckpt-iter4530-cb04e705-s512,cpp-alphabeta-d4,0,54
7,3,2,77 52,cpp-alphabeta-d4,ckpt-iter4530-cb04e705-s512,-1,52
8,4,2,69 54,ckpt-iter4530-cb04e705-s512,cpp-alphabeta-d4,1,43
9,4,2,69 54,cpp-alphabeta-d4,ckpt-iter4530-cb04e705-s512,-1,56
10,5,2,73 9,ckpt-iter4530-cb04e705-s512,cpp-alphabeta-d4,1,47
11,5,2,73 9,cpp-alphabeta-d4,ckpt-iter4530-cb04e705-s512,-1,40
12,6,2,31 38,ckpt-iter4530-cb04e705-s512,cpp-alphabeta-d4,1,49
13,6,2,31 38,cpp-alphabeta-d4,ckpt-iter4530-cb04e705-s512,-1,46
14,7,2,15 55,ckpt-iter4530-cb04e705-s512,cpp-alphabeta-d4,1,51
15,7,2,15 55,cpp-alphabeta-d4,ckpt-iter4530-cb04e705-s512,-1,46
16,8,2,78 59,ckpt-iter4530-cb04e705-s512,cpp-alphabeta-d4,1,43
17,8,2,78 59,cpp-alphabeta-d4,ckpt-iter4530-cb04e705-s512,-1,48
18,9,2,31 37,ckpt-iter4530-cb04e705-s512,cpp-alphabeta-d4,1,37
19,9,2,31 37,cpp-alphabeta-d4,ckpt-iter4530-cb04e705-s512,-1,46
20,10,2,23 49,ckpt-iter4530-cb04e705-s512,cpp-alphabeta-d4,1,49
21,10,2,23 49,cpp-alphabeta-d4,ckpt-iter4530-cb04e705-s512,-1,46
22,11,2,74 19,ckpt-iter4530-cb04e705-s512,cpp-alphabeta-d4,1,49
23,11,2,74 19,cpp-alphabeta-d4,ckpt-iter4530-cb04e705-s512,-1,50
24,12,2,57 35,ckpt-iter4530-cb04e705-s512,cpp-alphabeta-d4,1,47
25,12,2,57 35,cpp-alphabeta-d4,ckpt-iter4530-cb04e705-s512,-1,42
26,13,2,71 73,ckpt-iter4530-cb04e705-s512,cpp-alphabeta-d4,1,47
27,13,2,71 73,cpp-alphabeta-d4,ckpt-iter4530-cb04e705-s512,-1,48
28,14,2,34 64,ckpt-iter4530-cb04e705-s512,cpp-alphabeta-d4,1,47
29,14,2,34 64,cpp-alphabeta-d4,ckpt-iter4530-cb04e705-s512,-1,58
30,15,2,49 39,ckpt-iter4530-cb04e705-s512,cpp-alphabeta-d4,1,53
31,15,2,49 39,cpp-alphabeta-d4,ckpt-iter4530-cb04e705-s512,-1,42
32,16,2,24 61,ckpt-iter4530-cb04e705-s512,cpp-alphabeta-d4,1,43
33,16,2,24 61,cpp-alphabeta-d4,ckpt-iter4530-cb04e705-s512,-1,40
34,17,2,44 80,ckpt-iter4530-cb04e705-s512,cpp-alphabeta-d4,1,47
35,17,2,44 80,cpp-alphabeta-d4,ckpt-iter4530-cb04e705-s512,-1,46
36,18,2,26 80,ckpt-iter4530-cb04e705-s512,cpp-alphabeta-d4,1,41
37,18,2,26 80,cpp-alphabeta-d4,ckpt-iter4530-cb04e705-s512,-1,50
38,19,2,48 35,ckpt-iter4530-cb04e705-s512,cpp-alphabeta-d4,1,49
39,19,2,48 35,cpp-alphabeta-d4,ckpt-iter4530-cb04e705-s512,-1,52
40,20,2,71 78,ckpt-iter4530-cb04e705-s512,cpp-alphabeta-d4,1,49
41,20,2,71 78,cpp-alphabeta-d4,ckpt-iter4530-cb04e705-s512,-1,48
42,21,2,34 69,ckpt-iter4530-cb04e705-s512,cpp-alphabeta-d4,1,41
43,21,2,34 69,cpp-alphabeta-d4,ckpt-iter4530-cb04e705-s512,-1,38
44,22,2,73 15,ckpt-iter4530-cb04e705-s512,cpp-alphabeta-d4,1,55
45,22,2,73 15,cpp-alphabeta-d4,ckpt-iter4530-cb04e705-s512,-1,50
46,23,2,52 63,ckpt-iter4530-cb04e705-s512,cpp-alphabeta-d4,1,49
47,23,2,52 63,cpp-alphabeta-d4,ckpt-iter4530-cb04e705-s512,1,43
48,24,2,51 57,ckpt-iter4530-cb04e705-s512,cpp-alphabeta-d4,1,53
49,24,2,51 57,cpp-alphabeta-d4,ckpt-iter4530-cb04e705-s512,-1,44
50,25,2,0 5,ckpt-iter4530-cb04e705-s512,cpp-alphabeta-d4,1,45
51,25,2,0 5,cpp-alphabeta-d4,ckpt-iter4530-cb04e705-s512,-1,48
52,26,2,33 59,ckpt-iter4530-cb04e705-s512,cpp-alphabeta-d4,1,35
53,26,2,33 59,cpp-alphabeta-d4,ckpt-iter4530-cb04e705-s512,-1,44
54,27,2,75 34,ckpt-iter4530-cb04e705-s512,cpp-alphabeta-d4,1,45
55,27,2,75 34,cpp-alphabeta-d4,ckpt-iter4530-cb04e705-s512,-1,52
56,28,2,30 31,ckpt-iter4530-cb04e705-s512,cpp-alphabeta-d4,1,41
57,28,2,30 31,cpp-alphabeta-d4,ckpt-iter4530-cb04e705-s512,-1,44
58,29,2,77 50,ckpt-iter4530-cb04e705-s512,cpp-alphabeta-d4,1,45
59,29,2,77 50,cpp-alphabeta-d4,ckpt-iter4530-cb04e705-s512,-1,50
60,30,2,4 37,ckpt-iter4530-cb04e705-s512,cpp-alphabeta-d4,1,45
61,30,2,4 37,cpp-alphabeta-d4,ckpt-iter4530-cb04e705-s512,-1,48
62,31,2,44 79,ckpt-iter4530-cb04e705-s512,cpp-alphabeta-d4,1,45
63,31,2,44 79,cpp-alphabeta-d4,ckpt-iter4530-cb04e705-s512,-1,44
64,32,2,5 49,ckpt-iter4530-cb04e705-s512,cpp-alphabeta-d4,1,47
65,32,2,5 49,cpp-alphabeta-d4,ckpt-iter4530-cb04e705-s512,-1,60
66,33,2,74 22,ckpt-iter4530-cb04e705-s512,cpp-alphabeta-d4,1,39
67,33,2,74 22,cpp-alphabeta-d4,ckpt-iter4530-cb04e705-s512,-1,52
68,34,2,50 52,ckpt-iter4530-cb04e705-s512,cpp-alphabeta-d4,1,55
69,34,2,50 52,cpp-alphabeta-d4,ckpt-iter4530-cb04e705-s512,-1,48
70,35,2,7 68,ckpt-iter4530-cb04e705-s512,cpp-alphabeta-d4,1,43
71,35,2,7 68,cpp-alphabeta-d4,ckpt-iter4530-cb04e705-s512,-1,44
0,0,2,21 29,ckpt-iter4530-cb04e705-s512,tactical,1,49
1,0,2,21 29,tactical,ckpt-iter4530-cb04e705-s512,-1,52
2,1,2,13 38,ckpt-iter4530-cb04e705-s512,tactical,1,47
3,1,2,13 38,tactical,ckpt-iter4530-cb04e705-s512,-1,46
4,2,2,19 12,ckpt-iter4530-cb04e705-s512,tactical,1,53
5,2,2,19 12,tactical,ckpt-iter4530-cb04e705-s512,-1,42
6,3,2,41 45,ckpt-iter4530-cb04e705-s512,tactical,1,55
7,3,2,41 45,tactical,ckpt-iter4530-cb04e705-s512,-1,38
8,4,2,37 15,ckpt-iter4530-cb04e705-s512,tactical,1,41
9,4,2,37 15,tactical,ckpt-iter4530-cb04e705-s512,-1,48
10,5,2,78 62,ckpt-iter4530-cb04e705-s512,tactical,1,39
11,5,2,78 62,tactical,ckpt-iter4530-cb04e705-s512,-1,40
12,6,2,58 38,ckpt-iter4530-cb04e705-s512,tactical,1,51
13,6,2,58 38,tactical,ckpt-iter4530-cb04e705-s512,-1,44
14,7,2,55 16,ckpt-iter4530-cb04e705-s512,tactical,1,49
15,7,2,55 16,tactical,ckpt-iter4530-cb04e705-s512,-1,48
16,8,2,54 4,ckpt-iter4530-cb04e705-s512,tactical,1,51
17,8,2,54 4,tactical,ckpt-iter4530-cb04e705-s512,-1,44
18,9,2,13 43,ckpt-iter4530-cb04e705-s512,tactical,1,45
19,9,2,13 43,tactical,ckpt-iter4530-cb04e705-s512,-1,50
20,10,2,35 76,ckpt-iter4530-cb04e705-s512,tactical,1,43
21,10,2,35 76,tactical,ckpt-iter4530-cb04e705-s512,-1,44
22,11,2,4 38,ckpt-iter4530-cb04e705-s512,tactical,1,45
23,11,2,4 38,tactical,ckpt-iter4530-cb04e705-s512,-1,44
24,12,2,3 33,ckpt-iter4530-cb04e705-s512,tactical,1,49
25,12,2,3 33,tactical,ckpt-iter4530-cb04e705-s512,-1,42
26,13,2,52 71,ckpt-iter4530-cb04e705-s512,tactical,1,49
27,13,2,52 71,tactical,ckpt-iter4530-cb04e705-s512,-1,48
28,14,2,21 35,ckpt-iter4530-cb04e705-s512,tactical,1,53
29,14,2,21 35,tactical,ckpt-iter4530-cb04e705-s512,-1,44
30,15,2,55 10,ckpt-iter4530-cb04e705-s512,tactical,1,53
31,15,2,55 10,tactical,ckpt-iter4530-cb04e705-s512,-1,48
32,16,2,63 7,ckpt-iter4530-cb04e705-s512,tactical,1,39
33,16,2,63 7,tactical,ckpt-iter4530-cb04e705-s512,-1,46
34,17,2,9 4,ckpt-iter4530-cb04e705-s512,tactical,1,47
35,17,2,9 4,tactical,ckpt-iter4530-cb04e705-s512,-1,48
36,18,2,21 33,ckpt-iter4530-cb04e705-s512,tactical,1,51
37,18,2,21 33,tactical,ckpt-iter4530-cb04e705-s512,-1,54
38,19,2,69 59,ckpt-iter4530-cb04e705-s512,tactical,1,43
39,19,2,69 59,tactical,ckpt-iter4530-cb04e705-s512,-1,38
40,20,2,56 19,ckpt-iter4530-cb04e705-s512,tactical,1,41
41,20,2,56 19,tactical,ckpt-iter4530-cb04e705-s512,-1,50
42,21,2,37 10,ckpt-iter4530-cb04e705-s512,tactical,1,43
43,21,2,37 10,tactical,ckpt-iter4530-cb04e705-s512,-1,48
44,22,2,14 48,ckpt-iter4530-cb04e705-s512,tactical,1,43
45,22,2,14 48,tactical,ckpt-iter4530-cb04e705-s512,-1,44
46,23,2,12 35,ckpt-iter4530-cb04e705-s512,tactical,1,47
47,23,2,12 35,tactical,ckpt-iter4530-cb04e705-s512,-1,50
48,24,2,34 71,ckpt-iter4530-cb04e705-s512,tactical,1,53
49,24,2,34 71,tactical,ckpt-iter4530-cb04e705-s512,-1,42
50,25,2,55 11,ckpt-iter4530-cb04e705-s512,tactical,1,45
51,25,2,55 11,tactical,ckpt-iter4530-cb04e705-s512,-1,50
52,26,2,36 6,ckpt-iter4530-cb04e705-s512,tactical,1,37
53,26,2,36 6,tactical,ckpt-iter4530-cb04e705-s512,-1,46
54,27,2,57 29,ckpt-iter4530-cb04e705-s512,tactical,1,47
55,27,2,57 29,tactical,ckpt-iter4530-cb04e705-s512,-1,44
56,28,2,49 38,ckpt-iter4530-cb04e705-s512,tactical,1,45
57,28,2,49 38,tactical,ckpt-iter4530-cb04e705-s512,-1,48
58,29,2,69 55,ckpt-iter4530-cb04e705-s512,tactical,1,43
59,29,2,69 55,tactical,ckpt-iter4530-cb04e705-s512,-1,44
60,30,2,15 60,ckpt-iter4530-cb04e705-s512,tactical,1,51
61,30,2,15 60,tactical,ckpt-iter4530-cb04e705-s512,-1,48
62,31,2,20 24,ckpt-iter4530-cb04e705-s512,tactical,1,47
63,31,2,20 24,tactical,ckpt-iter4530-cb04e705-s512,-1,50
64,32,2,2 20,ckpt-iter4530-cb04e705-s512,tactical,1,49
65,32,2,2 20,tactical,ckpt-iter4530-cb04e705-s512,-1,44
66,33,2,10 15,ckpt-iter4530-cb04e705-s512,tactical,1,45
67,33,2,10 15,tactical,ckpt-iter4530-cb04e705-s512,-1,48
68,34,2,15 54,ckpt-iter4530-cb04e705-s512,tactical,1,59
69,34,2,15 54,tactical,ckpt-iter4530-cb04e705-s512,0,54
70,35,2,71 77,ckpt-iter4530-cb04e705-s512,tactical,1,49
71,35,2,71 77,tactical,ckpt-iter4530-cb04e705-s512,-1,38
0,0,2,60 58,ckpt-iter4530-cb04e705-s512,threat-block,1,35
1,0,2,60 58,threat-block,ckpt-iter4530-cb04e705-s512,-1,34
2,1,2,57 27,ckpt-iter4530-cb04e705-s512,threat-block,1,35
3,1,2,57 27,threat-block,ckpt-iter4530-cb04e705-s512,-1,40
4,2,2,23 50,ckpt-iter4530-cb04e705-s512,threat-block,1,37
5,2,2,23 50,threat-block,ckpt-iter4530-cb04e705-s512,-1,36
6,3,2,7 63,ckpt-iter4530-cb04e705-s512,threat-block,1,35
7,3,2,7 63,threat-block,ckpt-iter4530-cb04e705-s512,-1,38
8,4,2,10 17,ckpt-iter4530-cb04e705-s512,threat-block,1,37
9,4,2,10 17,threat-block,ckpt-iter4530-cb04e705-s512,-1,36
10,5,2,56 18,ckpt-iter4530-cb04e705-s512,threat-block,1,37
11,5,2,56 18,threat-block,ckpt-iter4530-cb04e705-s512,-1,38
12,6,2,68 53,ckpt-iter4530-cb04e705-s512,threat-block,1,41
13,6,2,68 53,threat-block,ckpt-iter4530-cb04e705-s512,-1,32
14,7,2,28 9,ckpt-iter4530-cb04e705-s512,threat-block,1,35
15,7,2,28 9,threat-block,ckpt-iter4530-cb04e705-s512,-1,40
16,8,2,6 62,ckpt-iter4530-cb04e705-s512,threat-block,1,33
17,8,2,6 62,threat-block,ckpt-iter4530-cb04e705-s512,-1,38
18,9,2,6 56,ckpt-iter4530-cb04e705-s512,threat-block,1,39
19,9,2,6 56,threat-block,ckpt-iter4530-cb04e705-s512,-1,36
20,10,2,3 28,ckpt-iter4530-cb04e705-s512,threat-block,1,27
21,10,2,3 28,threat-block,ckpt-iter4530-cb04e705-s512,-1,28
22,11,2,25 68,ckpt-iter4530-cb04e705-s512,threat-block,1,37
23,11,2,25 68,threat-block,ckpt-iter4530-cb04e705-s512,-1,34
24,12,2,46 12,ckpt-iter4530-cb04e705-s512,threat-block,1,37
25,12,2,46 12,threat-block,ckpt-iter4530-cb04e705-s512,-1,32
26,13,2,48 30,ckpt-iter4530-cb04e705-s512,threat-block,1,37
27,13,2,48 30,threat-block,ckpt-iter4530-cb04e705-s512,-1,34
28,14,2,64 17,ckpt-iter4530-cb04e705-s512,threat-block,1,37
29,14,2,64 17,threat-block,ckpt-iter4530-cb04e705-s512,-1,38
30,15,2,77 45,ckpt-iter4530-cb04e705-s512,threat-block,1,41
31,15,2,77 45,threat-block,ckpt-iter4530-cb04e705-s512,-1,34
32,16,2,76 40,ckpt-iter4530-cb04e705-s512,threat-block,1,39
33,16,2,76 40,threat-block,ckpt-iter4530-cb04e705-s512,-1,30
34,17,2,72 0,ckpt-iter4530-cb04e705-s512,threat-block,1,43
35,17,2,72 0,threat-block,ckpt-iter4530-cb04e705-s512,-1,30
36,18,2,69 58,ckpt-iter4530-cb04e705-s512,threat-block,1,33
37,18,2,69 58,threat-block,ckpt-iter4530-cb04e705-s512,-1,36
38,19,2,49 43,ckpt-iter4530-cb04e705-s512,threat-block,1,39
39,19,2,49 43,threat-block,ckpt-iter4530-cb04e705-s512,-1,36
40,20,2,8 79,ckpt-iter4530-cb04e705-s512,threat-block,1,37
41,20,2,8 79,threat-block,ckpt-iter4530-cb04e705-s512,-1,40
42,21,2,38 21,ckpt-iter4530-cb04e705-s512,threat-block,1,37
43,21,2,38 21,threat-block,ckpt-iter4530-cb04e705-s512,-1,36
44,22,2,18 0,ckpt-iter4530-cb04e705-s512,threat-block,1,35
45,22,2,18 0,threat-block,ckpt-iter4530-cb04e705-s512,-1,36
46,23,2,7 69,ckpt-iter4530-cb04e705-s512,threat-block,1,33
47,23,2,7 69,threat-block,ckpt-iter4530-cb04e705-s512,-1,36
48,24,2,16 66,ckpt-iter4530-cb04e705-s512,threat-block,1,41
49,24,2,16 66,threat-block,ckpt-iter4530-cb04e705-s512,-1,34
50,25,2,31 43,ckpt-iter4530-cb04e705-s512,threat-block,1,37
51,25,2,31 43,threat-block,ckpt-iter4530-cb04e705-s512,-1,30
52,26,2,42 55,ckpt-iter4530-cb04e705-s512,threat-block,1,39
53,26,2,42 55,threat-block,ckpt-iter4530-cb04e705-s512,-1,44
54,27,2,4 37,ckpt-iter4530-cb04e705-s512,threat-block,1,37
55,27,2,4 37,threat-block,ckpt-iter4530-cb04e705-s512,-1,36
56,28,2,6 54,ckpt-iter4530-cb04e705-s512,threat-block,1,35
57,28,2,6 54,threat-block,ckpt-iter4530-cb04e705-s512,-1,34
58,29,2,50 47,ckpt-iter4530-cb04e705-s512,threat-block,1,41
59,29,2,50 47,threat-block,ckpt-iter4530-cb04e705-s512,-1,40
60,30,2,19 12,ckpt-iter4530-cb04e705-s512,threat-block,1,31
61,30,2,19 12,threat-block,ckpt-iter4530-cb04e705-s512,-1,38
62,31,2,66 32,ckpt-iter4530-cb04e705-s512,threat-block,1,39
63,31,2,66 32,threat-block,ckpt-iter4530-cb04e705-s512,-1,38
64,32,2,56 18,ckpt-iter4530-cb04e705-s512,threat-block,1,37
65,32,2,56 18,threat-block,ckpt-iter4530-cb04e705-s512,-1,32
66,33,2,64 16,ckpt-iter4530-cb04e705-s512,threat-block,1,41
67,33,2,64 16,threat-block,ckpt-iter4530-cb04e705-s512,-1,34
68,34,2,45 0,ckpt-iter4530-cb04e705-s512,threat-block,1,39
69,34,2,45 0,threat-block,ckpt-iter4530-cb04e705-s512,-1,38
70,35,2,4 36,ckpt-iter4530-cb04e705-s512,threat-block,1,35
71,35,2,4 36,threat-block,ckpt-iter4530-cb04e705-s512,-1,40
0,0,2,48 34,ckpt-iter4530-cb04e705-s512,openspiel-mcts-100,1,45
1,0,2,48 34,openspiel-mcts-100,ckpt-iter4530-cb04e705-s512,-1,36
2,1,2,47 26,ckpt-iter4530-cb04e705-s512,openspiel-mcts-100,1,29
3,1,2,47 26,openspiel-mcts-100,ckpt-iter4530-cb04e705-s512,-1,44
4,2,2,54 1,ckpt-iter4530-cb04e705-s512,openspiel-mcts-100,1,45
5,2,2,54 1,openspiel-mcts-100,ckpt-iter4530-cb04e705-s512,-1,40
6,3,2,72 5,ckpt-iter4530-cb04e705-s512,openspiel-mcts-100,1,41
7,3,2,72 5,openspiel-mcts-100,ckpt-iter4530-cb04e705-s512,-1,42
8,4,2,60 59,ckpt-iter4530-cb04e705-s512,openspiel-mcts-100,1,41
9,4,2,60 59,openspiel-mcts-100,ckpt-iter4530-cb04e705-s512,-1,46
10,5,2,69 58,ckpt-iter4530-cb04e705-s512,openspiel-mcts-100,1,45
11,5,2,69 58,openspiel-mcts-100,ckpt-iter4530-cb04e705-s512,-1,46
12,6,2,62 78,ckpt-iter4530-cb04e705-s512,openspiel-mcts-100,1,43
13,6,2,62 78,openspiel-mcts-100,ckpt-iter4530-cb04e705-s512,-1,40
14,7,2,57 27,ckpt-iter4530-cb04e705-s512,openspiel-mcts-100,1,37
15,7,2,57 27,openspiel-mcts-100,ckpt-iter4530-cb04e705-s512,-1,46
16,8,2,29 23,ckpt-iter4530-cb04e705-s512,openspiel-mcts-100,1,45
17,8,2,29 23,openspiel-mcts-100,ckpt-iter4530-cb04e705-s512,-1,50
18,9,2,28 16,ckpt-iter4530-cb04e705-s512,openspiel-mcts-100,1,39
19,9,2,28 16,openspiel-mcts-100,ckpt-iter4530-cb04e705-s512,-1,58
20,10,2,47 20,ckpt-iter4530-cb04e705-s512,openspiel-mcts-100,1,41
21,10,2,47 20,openspiel-mcts-100,ckpt-iter4530-cb04e705-s512,-1,40
22,11,2,12 33,ckpt-iter4530-cb04e705-s512,openspiel-mcts-100,1,47
23,11,2,12 33,openspiel-mcts-100,ckpt-iter4530-cb04e705-s512,-1,50
24,12,2,52 69,ckpt-iter4530-cb04e705-s512,openspiel-mcts-100,1,39
25,12,2,52 69,openspiel-mcts-100,ckpt-iter4530-cb04e705-s512,-1,42
26,13,2,45 2,ckpt-iter4530-cb04e705-s512,openspiel-mcts-100,1,41
27,13,2,45 2,openspiel-mcts-100,ckpt-iter4530-cb04e705-s512,-1,44
28,14,2,6 59,ckpt-iter4530-cb04e705-s512,openspiel-mcts-100,1,47
29,14,2,6 59,openspiel-mcts-100,ckpt-iter4530-cb04e705-s512,-1,46
30,15,2,46 9,ckpt-iter4530-cb04e705-s512,openspiel-mcts-100,1,43
31,15,2,46 9,openspiel-mcts-100,ckpt-iter4530-cb04e705-s512,-1,38
32,16,2,17 78,ckpt-iter4530-cb04e705-s512,openspiel-mcts-100,1,37
33,16,2,17 78,openspiel-mcts-100,ckpt-iter4530-cb04e705-s512,-1,46
34,17,2,21 33,ckpt-iter4530-cb04e705-s512,openspiel-mcts-100,1,41
35,17,2,21 33,openspiel-mcts-100,ckpt-iter4530-cb04e705-s512,-1,40
36,18,2,76 42,ckpt-iter4530-cb04e705-s512,openspiel-mcts-100,1,43
37,18,2,76 42,openspiel-mcts-100,ckpt-iter4530-cb04e705-s512,-1,42
38,19,2,6 62,ckpt-iter4530-cb04e705-s512,openspiel-mcts-100,1,45
39,19,2,6 62,openspiel-mcts-100,ckpt-iter4530-cb04e705-s512,-1,34
40,20,2,61 70,ckpt-iter4530-cb04e705-s512,openspiel-mcts-100,1,43
41,20,2,61 70,openspiel-mcts-100,ckpt-iter4530-cb04e705-s512,-1,40
42,21,2,20 25,ckpt-iter4530-cb04e705-s512,openspiel-mcts-100,1,39
43,21,2,20 25,openspiel-mcts-100,ckpt-iter4530-cb04e705-s512,-1,44
44,22,2,50 51,ckpt-iter4530-cb04e705-s512,openspiel-mcts-100,1,41
45,22,2,50 51,openspiel-mcts-100,ckpt-iter4530-cb04e705-s512,-1,54
46,23,2,6 61,ckpt-iter4530-cb04e705-s512,openspiel-mcts-100,1,41
47,23,2,6 61,openspiel-mcts-100,ckpt-iter4530-cb04e705-s512,-1,40
48,24,2,26 78,ckpt-iter4530-cb04e705-s512,openspiel-mcts-100,1,45
49,24,2,26 78,openspiel-mcts-100,ckpt-iter4530-cb04e705-s512,-1,40
50,25,2,38 21,ckpt-iter4530-cb04e705-s512,openspiel-mcts-100,1,41
51,25,2,38 21,openspiel-mcts-100,ckpt-iter4530-cb04e705-s512,-1,48
52,26,2,16 69,ckpt-iter4530-cb04e705-s512,openspiel-mcts-100,1,43
53,26,2,16 69,openspiel-mcts-100,ckpt-iter4530-cb04e705-s512,-1,36
54,27,2,25 71,ckpt-iter4530-cb04e705-s512,openspiel-mcts-100,1,45
55,27,2,25 71,openspiel-mcts-100,ckpt-iter4530-cb04e705-s512,-1,42
56,28,2,78 57,ckpt-iter4530-cb04e705-s512,openspiel-mcts-100,1,41
57,28,2,78 57,openspiel-mcts-100,ckpt-iter4530-cb04e705-s512,-1,44
58,29,2,58 37,ckpt-iter4530-cb04e705-s512,openspiel-mcts-100,1,41
59,29,2,58 37,openspiel-mcts-100,ckpt-iter4530-cb04e705-s512,-1,36
60,30,2,45 3,ckpt-iter4530-cb04e705-s512,openspiel-mcts-100,1,39
61,30,2,45 3,openspiel-mcts-100,ckpt-iter4530-cb04e705-s512,-1,42
62,31,2,17 78,ckpt-iter4530-cb04e705-s512,openspiel-mcts-100,1,41
63,31,2,17 78,openspiel-mcts-100,ckpt-iter4530-cb04e705-s512,-1,44
64,32,2,77 47,ckpt-iter4530-cb04e705-s512,openspiel-mcts-100,1,41
65,32,2,77 47,openspiel-mcts-100,ckpt-iter4530-cb04e705-s512,-1,42
66,33,2,34 65,ckpt-iter4530-cb04e705-s512,openspiel-mcts-100,1,51
67,33,2,34 65,openspiel-mcts-100,ckpt-iter4530-cb04e705-s512,-1,52
68,34,2,63 2,ckpt-iter4530-cb04e705-s512,openspiel-mcts-100,1,43
69,34,2,63 2,openspiel-mcts-100,ckpt-iter4530-cb04e705-s512,-1,44
70,35,2,63 2,ckpt-iter4530-cb04e705-s512,openspiel-mcts-100,1,45
71,35,2,63 2,openspiel-mcts-100,ckpt-iter4530-cb04e705-s512,-1,40
0,0,2,9 5,ckpt-iter4530-cb04e705-s512,utttai-128,0,62
1,0,2,9 5,utttai-128,ckpt-iter4530-cb04e705-s512,0,48
2,1,2,80 76,ckpt-iter4530-cb04e705-s512,utttai-128,0,53
3,1,2,80 76,utttai-128,ckpt-iter4530-cb04e705-s512,0,57
4,2,2,63 3,ckpt-iter4530-cb04e705-s512,utttai-128,0,50
5,2,2,63 3,utttai-128,ckpt-iter4530-cb04e705-s512,1,43
6,3,2,75 34,ckpt-iter4530-cb04e705-s512,utttai-128,0,53
7,3,2,75 34,utttai-128,ckpt-iter4530-cb04e705-s512,0,53
8,4,2,45 4,ckpt-iter4530-cb04e705-s512,utttai-128,1,53
9,4,2,45 4,utttai-128,ckpt-iter4530-cb04e705-s512,0,52
10,5,2,3 33,ckpt-iter4530-cb04e705-s512,utttai-128,0,53
11,5,2,3 33,utttai-128,ckpt-iter4530-cb04e705-s512,1,53
12,6,2,71 80,ckpt-iter4530-cb04e705-s512,utttai-128,1,55
13,6,2,71 80,utttai-128,ckpt-iter4530-cb04e705-s512,1,51
14,7,2,26 80,ckpt-iter4530-cb04e705-s512,utttai-128,0,54
15,7,2,26 80,utttai-128,ckpt-iter4530-cb04e705-s512,-1,44
16,8,2,22 40,ckpt-iter4530-cb04e705-s512,utttai-128,0,51
17,8,2,22 40,utttai-128,ckpt-iter4530-cb04e705-s512,1,53
18,9,2,41 51,ckpt-iter4530-cb04e705-s512,utttai-128,-1,52
19,9,2,41 51,utttai-128,ckpt-iter4530-cb04e705-s512,-1,46
20,10,2,49 36,ckpt-iter4530-cb04e705-s512,utttai-128,-1,54
21,10,2,49 36,utttai-128,ckpt-iter4530-cb04e705-s512,0,54
22,11,2,12 31,ckpt-iter4530-cb04e705-s512,utttai-128,-1,48
23,11,2,12 31,utttai-128,ckpt-iter4530-cb04e705-s512,0,44
24,12,2,2 21,ckpt-iter4530-cb04e705-s512,utttai-128,1,53
25,12,2,2 21,utttai-128,ckpt-iter4530-cb04e705-s512,1,51
26,13,2,11 26,ckpt-iter4530-cb04e705-s512,utttai-128,-1,52
27,13,2,11 26,utttai-128,ckpt-iter4530-cb04e705-s512,0,66
28,14,2,31 41,ckpt-iter4530-cb04e705-s512,utttai-128,1,49
29,14,2,31 41,utttai-128,ckpt-iter4530-cb04e705-s512,1,51
30,15,2,11 26,ckpt-iter4530-cb04e705-s512,utttai-128,-1,52
31,15,2,11 26,utttai-128,ckpt-iter4530-cb04e705-s512,0,66
32,16,2,69 55,ckpt-iter4530-cb04e705-s512,utttai-128,0,58
33,16,2,69 55,utttai-128,ckpt-iter4530-cb04e705-s512,0,60
34,17,2,77 47,ckpt-iter4530-cb04e705-s512,utttai-128,0,50
35,17,2,77 47,utttai-128,ckpt-iter4530-cb04e705-s512,0,42
36,18,2,68 53,ckpt-iter4530-cb04e705-s512,utttai-128,0,58
37,18,2,68 53,utttai-128,ckpt-iter4530-cb04e705-s512,0,52
38,19,2,15 61,ckpt-iter4530-cb04e705-s512,utttai-128,0,54
39,19,2,15 61,utttai-128,ckpt-iter4530-cb04e705-s512,0,48
40,20,2,1 12,ckpt-iter4530-cb04e705-s512,utttai-128,1,53
41,20,2,1 12,utttai-128,ckpt-iter4530-cb04e705-s512,1,59
42,21,2,76 40,ckpt-iter4530-cb04e705-s512,utttai-128,-1,60
43,21,2,76 40,utttai-128,ckpt-iter4530-cb04e705-s512,1,55
44,22,2,74 21,ckpt-iter4530-cb04e705-s512,utttai-128,0,46
45,22,2,74 21,utttai-128,ckpt-iter4530-cb04e705-s512,0,46
46,23,2,36 2,ckpt-iter4530-cb04e705-s512,utttai-128,0,53
47,23,2,36 2,utttai-128,ckpt-iter4530-cb04e705-s512,-1,46
48,24,2,15 61,ckpt-iter4530-cb04e705-s512,utttai-128,0,54
49,24,2,15 61,utttai-128,ckpt-iter4530-cb04e705-s512,0,48
50,25,2,34 71,ckpt-iter4530-cb04e705-s512,utttai-128,0,58
51,25,2,34 71,utttai-128,ckpt-iter4530-cb04e705-s512,0,50
52,26,2,56 22,ckpt-iter4530-cb04e705-s512,utttai-128,0,56
53,26,2,56 22,utttai-128,ckpt-iter4530-cb04e705-s512,0,39
54,27,2,60 58,ckpt-iter4530-cb04e705-s512,utttai-128,0,51
55,27,2,60 58,utttai-128,ckpt-iter4530-cb04e705-s512,1,51
56,28,2,51 59,ckpt-iter4530-cb04e705-s512,utttai-128,-1,52
57,28,2,51 59,utttai-128,ckpt-iter4530-cb04e705-s512,1,53
58,29,2,51 56,ckpt-iter4530-cb04e705-s512,utttai-128,-1,50
59,29,2,51 56,utttai-128,ckpt-iter4530-cb04e705-s512,0,45
60,30,2,57 34,ckpt-iter4530-cb04e705-s512,utttai-128,0,50
61,30,2,57 34,utttai-128,ckpt-iter4530-cb04e705-s512,0,56
62,31,2,36 6,ckpt-iter4530-cb04e705-s512,utttai-128,-1,44
63,31,2,36 6,utttai-128,ckpt-iter4530-cb04e705-s512,-1,48
64,32,2,17 78,ckpt-iter4530-cb04e705-s512,utttai-128,0,52
65,32,2,17 78,utttai-128,ckpt-iter4530-cb04e705-s512,1,47
66,33,2,65 20,ckpt-iter4530-cb04e705-s512,utttai-128,-1,54
67,33,2,65 20,utttai-128,ckpt-iter4530-cb04e705-s512,0,52
68,34,2,74 26,ckpt-iter4530-cb04e705-s512,utttai-128,0,56
69,34,2,74 26,utttai-128,ckpt-iter4530-cb04e705-s512,1,57
70,35,2,41 53,ckpt-iter4530-cb04e705-s512,utttai-128,0,46
71,35,2,41 53,utttai-128,ckpt-iter4530-cb04e705-s512,0,46
0,0,2,73 14,cpp-alphabeta-d10,cpp-alphabeta-d6,1,67
1,0,2,73 14,cpp-alphabeta-d6,cpp-alphabeta-d10,-1,52
2,1,2,15 56,cpp-alphabeta-d10,cpp-alphabeta-d6,1,55
3,1,2,15 56,cpp-alphabeta-d6,cpp-alphabeta-d10,-1,48
4,2,2,17 73,cpp-alphabeta-d10,cpp-alphabeta-d6,1,57
5,2,2,17 73,cpp-alphabeta-d6,cpp-alphabeta-d10,-1,56
6,3,2,44 73,cpp-alphabeta-d10,cpp-alphabeta-d6,1,47
7,3,2,44 73,cpp-alphabeta-d6,cpp-alphabeta-d10,1,47
8,4,2,18 7,cpp-alphabeta-d10,cpp-alphabeta-d6,-1,50
9,4,2,18 7,cpp-alphabeta-d6,cpp-alphabeta-d10,1,53
10,5,2,47 23,cpp-alphabeta-d10,cpp-alphabeta-d6,1,55
11,5,2,47 23,cpp-alphabeta-d6,cpp-alphabeta-d10,-1,52
12,6,2,80 75,cpp-alphabeta-d10,cpp-alphabeta-d6,1,61
13,6,2,80 75,cpp-alphabeta-d6,cpp-alphabeta-d10,0,60
14,7,2,39 27,cpp-alphabeta-d10,cpp-alphabeta-d6,1,59
15,7,2,39 27,cpp-alphabeta-d6,cpp-alphabeta-d10,-1,50
16,8,2,31 42,cpp-alphabeta-d10,cpp-alphabeta-d6,0,64
17,8,2,31 42,cpp-alphabeta-d6,cpp-alphabeta-d10,-1,60
18,9,2,28 14,cpp-alphabeta-d10,cpp-alphabeta-d6,1,55
19,9,2,28 14,cpp-alphabeta-d6,cpp-alphabeta-d10,-1,54
20,10,2,50 48,cpp-alphabeta-d10,cpp-alphabeta-d6,1,65
21,10,2,50 48,cpp-alphabeta-d6,cpp-alphabeta-d10,-1,52
22,11,2,35 76,cpp-alphabeta-d10,cpp-alphabeta-d6,1,57
23,11,2,35 76,cpp-alphabeta-d6,cpp-alphabeta-d10,-1,60
24,12,2,73 15,cpp-alphabeta-d10,cpp-alphabeta-d6,1,53
25,12,2,73 15,cpp-alphabeta-d6,cpp-alphabeta-d10,-1,58
26,13,2,75 30,cpp-alphabeta-d10,cpp-alphabeta-d6,1,57
27,13,2,75 30,cpp-alphabeta-d6,cpp-alphabeta-d10,-1,54
28,14,2,6 58,cpp-alphabeta-d10,cpp-alphabeta-d6,1,51
29,14,2,6 58,cpp-alphabeta-d6,cpp-alphabeta-d10,0,56
30,15,2,47 23,cpp-alphabeta-d10,cpp-alphabeta-d6,1,55
31,15,2,47 23,cpp-alphabeta-d6,cpp-alphabeta-d10,-1,52
32,16,2,5 50,cpp-alphabeta-d10,cpp-alphabeta-d6,1,45
33,16,2,5 50,cpp-alphabeta-d6,cpp-alphabeta-d10,1,53
34,17,2,43 70,cpp-alphabeta-d10,cpp-alphabeta-d6,0,48
35,17,2,43 70,cpp-alphabeta-d6,cpp-alphabeta-d10,-1,60
36,18,2,31 41,cpp-alphabeta-d10,cpp-alphabeta-d6,1,51
37,18,2,31 41,cpp-alphabeta-d6,cpp-alphabeta-d10,-1,42
38,19,2,26 74,cpp-alphabeta-d10,cpp-alphabeta-d6,1,65
39,19,2,26 74,cpp-alphabeta-d6,cpp-alphabeta-d10,0,65
40,20,2,68 49,cpp-alphabeta-d10,cpp-alphabeta-d6,1,49
41,20,2,68 49,cpp-alphabeta-d6,cpp-alphabeta-d10,-1,42
42,21,2,38 22,cpp-alphabeta-d10,cpp-alphabeta-d6,1,59
43,21,2,38 22,cpp-alphabeta-d6,cpp-alphabeta-d10,-1,46
44,22,2,80 75,cpp-alphabeta-d10,cpp-alphabeta-d6,1,61
45,22,2,80 75,cpp-alphabeta-d6,cpp-alphabeta-d10,0,60
46,23,2,63 8,cpp-alphabeta-d10,cpp-alphabeta-d6,1,53
47,23,2,63 8,cpp-alphabeta-d6,cpp-alphabeta-d10,1,51
48,24,2,67 36,cpp-alphabeta-d10,cpp-alphabeta-d6,1,51
49,24,2,67 36,cpp-alphabeta-d6,cpp-alphabeta-d10,-1,50
50,25,2,78 57,cpp-alphabeta-d10,cpp-alphabeta-d6,0,57
51,25,2,78 57,cpp-alphabeta-d6,cpp-alphabeta-d10,0,56
52,26,2,41 51,cpp-alphabeta-d10,cpp-alphabeta-d6,1,41
53,26,2,41 51,cpp-alphabeta-d6,cpp-alphabeta-d10,0,53
54,27,2,27 8,cpp-alphabeta-d10,cpp-alphabeta-d6,0,57
55,27,2,27 8,cpp-alphabeta-d6,cpp-alphabeta-d10,0,62
56,28,2,36 1,cpp-alphabeta-d10,cpp-alphabeta-d6,1,43
57,28,2,36 1,cpp-alphabeta-d6,cpp-alphabeta-d10,-1,46
58,29,2,31 42,cpp-alphabeta-d10,cpp-alphabeta-d6,0,64
59,29,2,31 42,cpp-alphabeta-d6,cpp-alphabeta-d10,-1,60
60,30,2,54 2,cpp-alphabeta-d10,cpp-alphabeta-d6,1,51
61,30,2,54 2,cpp-alphabeta-d6,cpp-alphabeta-d10,-1,52
62,31,2,10 11,cpp-alphabeta-d10,cpp-alphabeta-d6,0,59
63,31,2,10 11,cpp-alphabeta-d6,cpp-alphabeta-d10,-1,60
64,32,2,25 71,cpp-alphabeta-d10,cpp-alphabeta-d6,1,55
65,32,2,25 71,cpp-alphabeta-d6,cpp-alphabeta-d10,-1,62
66,33,2,41 48,cpp-alphabeta-d10,cpp-alphabeta-d6,1,51
67,33,2,41 48,cpp-alphabeta-d6,cpp-alphabeta-d10,-1,62
68,34,2,75 27,cpp-alphabeta-d10,cpp-alphabeta-d6,1,55
69,34,2,75 27,cpp-alphabeta-d6,cpp-alphabeta-d10,0,52
70,35,2,59 53,cpp-alphabeta-d10,cpp-alphabeta-d6,1,55
71,35,2,59 53,cpp-alphabeta-d6,cpp-alphabeta-d10,0,58
0,0,2,39 33,cpp-alphabeta-d10,cpp-alphabeta-d4,1,55
1,0,2,39 33,cpp-alphabeta-d4,cpp-alphabeta-d10,-1,54
2,1,2,34 63,cpp-alphabeta-d10,cpp-alphabeta-d4,0,58
3,1,2,34 63,cpp-alphabeta-d4,cpp-alphabeta-d10,-1,56
4,2,2,42 55,cpp-alphabeta-d10,cpp-alphabeta-d4,1,49
5,2,2,42 55,cpp-alphabeta-d4,cpp-alphabeta-d10,-1,52
6,3,2,27 5,cpp-alphabeta-d10,cpp-alphabeta-d4,1,51
7,3,2,27 5,cpp-alphabeta-d4,cpp-alphabeta-d10,-1,62
8,4,2,53 72,cpp-alphabeta-d10,cpp-alphabeta-d4,1,49
9,4,2,53 72,cpp-alphabeta-d4,cpp-alphabeta-d10,1,33
10,5,2,21 27,cpp-alphabeta-d10,cpp-alphabeta-d4,1,53
11,5,2,21 27,cpp-alphabeta-d4,cpp-alphabeta-d10,-1,64
12,6,2,73 13,cpp-alphabeta-d10,cpp-alphabeta-d4,1,53
13,6,2,73 13,cpp-alphabeta-d4,cpp-alphabeta-d10,0,65
14,7,2,9 1,cpp-alphabeta-d10,cpp-alphabeta-d4,1,61
15,7,2,9 1,cpp-alphabeta-d4,cpp-alphabeta-d10,-1,50
16,8,2,9 8,cpp-alphabeta-d10,cpp-alphabeta-d4,-1,40
17,8,2,9 8,cpp-alphabeta-d4,cpp-alphabeta-d10,-1,66
18,9,2,55 14,cpp-alphabeta-d10,cpp-alphabeta-d4,1,55
19,9,2,55 14,cpp-alphabeta-d4,cpp-alphabeta-d10,-1,54
20,10,2,9 7,cpp-alphabeta-d10,cpp-alphabeta-d4,1,51
21,10,2,9 7,cpp-alphabeta-d4,cpp-alphabeta-d10,-1,52
22,11,2,28 10,cpp-alphabeta-d10,cpp-alphabeta-d4,1,51
23,11,2,28 10,cpp-alphabeta-d4,cpp-alphabeta-d10,-1,56
24,12,2,75 27,cpp-alphabeta-d10,cpp-alphabeta-d4,1,53
25,12,2,75 27,cpp-alphabeta-d4,cpp-alphabeta-d10,-1,58
26,13,2,23 53,cpp-alphabeta-d10,cpp-alphabeta-d4,1,55
27,13,2,23 53,cpp-alphabeta-d4,cpp-alphabeta-d10,-1,60
28,14,2,55 16,cpp-alphabeta-d10,cpp-alphabeta-d4,1,59
29,14,2,55 16,cpp-alphabeta-d4,cpp-alphabeta-d10,-1,62
30,15,2,54 1,cpp-alphabeta-d10,cpp-alphabeta-d4,1,51
31,15,2,54 1,cpp-alphabeta-d4,cpp-alphabeta-d10,-1,48
32,16,2,14 46,cpp-alphabeta-d10,cpp-alphabeta-d4,1,59
33,16,2,14 46,cpp-alphabeta-d4,cpp-alphabeta-d10,-1,64
34,17,2,12 34,cpp-alphabeta-d10,cpp-alphabeta-d4,1,51
35,17,2,12 34,cpp-alphabeta-d4,cpp-alphabeta-d10,-1,62
36,18,2,31 37,cpp-alphabeta-d10,cpp-alphabeta-d4,1,49
37,18,2,31 37,cpp-alphabeta-d4,cpp-alphabeta-d10,-1,50
38,19,2,68 48,cpp-alphabeta-d10,cpp-alphabeta-d4,1,47
39,19,2,68 48,cpp-alphabeta-d4,cpp-alphabeta-d10,-1,50
40,20,2,62 73,cpp-alphabeta-d10,cpp-alphabeta-d4,1,49
41,20,2,62 73,cpp-alphabeta-d4,cpp-alphabeta-d10,-1,58
42,21,2,53 72,cpp-alphabeta-d10,cpp-alphabeta-d4,1,49
43,21,2,53 72,cpp-alphabeta-d4,cpp-alphabeta-d10,1,33
44,22,2,18 4,cpp-alphabeta-d10,cpp-alphabeta-d4,0,65
45,22,2,18 4,cpp-alphabeta-d4,cpp-alphabeta-d10,-1,52
46,23,2,33 60,cpp-alphabeta-d10,cpp-alphabeta-d4,1,53
47,23,2,33 60,cpp-alphabeta-d4,cpp-alphabeta-d10,-1,48
48,24,2,43 63,cpp-alphabeta-d10,cpp-alphabeta-d4,1,53
49,24,2,43 63,cpp-alphabeta-d4,cpp-alphabeta-d10,-1,54
50,25,2,33 56,cpp-alphabeta-d10,cpp-alphabeta-d4,1,63
51,25,2,33 56,cpp-alphabeta-d4,cpp-alphabeta-d10,-1,64
52,26,2,20 18,cpp-alphabeta-d10,cpp-alphabeta-d4,1,57
53,26,2,20 18,cpp-alphabeta-d4,cpp-alphabeta-d10,-1,46
54,27,2,0 6,cpp-alphabeta-d10,cpp-alphabeta-d4,1,51
55,27,2,0 6,cpp-alphabeta-d4,cpp-alphabeta-d10,-1,54
56,28,2,56 23,cpp-alphabeta-d10,cpp-alphabeta-d4,1,53
57,28,2,56 23,cpp-alphabeta-d4,cpp-alphabeta-d10,-1,50
58,29,2,20 26,cpp-alphabeta-d10,cpp-alphabeta-d4,1,51
59,29,2,20 26,cpp-alphabeta-d4,cpp-alphabeta-d10,-1,46
60,30,2,54 8,cpp-alphabeta-d10,cpp-alphabeta-d4,1,67
61,30,2,54 8,cpp-alphabeta-d4,cpp-alphabeta-d10,-1,54
62,31,2,54 5,cpp-alphabeta-d10,cpp-alphabeta-d4,1,45
63,31,2,54 5,cpp-alphabeta-d4,cpp-alphabeta-d10,-1,54
64,32,2,58 40,cpp-alphabeta-d10,cpp-alphabeta-d4,1,55
65,32,2,58 40,cpp-alphabeta-d4,cpp-alphabeta-d10,-1,58
66,33,2,35 77,cpp-alphabeta-d10,cpp-alphabeta-d4,1,53
67,33,2,35 77,cpp-alphabeta-d4,cpp-alphabeta-d10,-1,52
68,34,2,40 38,cpp-alphabeta-d10,cpp-alphabeta-d4,1,55
69,34,2,40 38,cpp-alphabeta-d4,cpp-alphabeta-d10,1,49
70,35,2,54 2,cpp-alphabeta-d10,cpp-alphabeta-d4,1,57
71,35,2,54 2,cpp-alphabeta-d4,cpp-alphabeta-d10,-1,46
0,0,2,34 63,cpp-alphabeta-d10,tactical,1,49
1,0,2,34 63,tactical,cpp-alphabeta-d10,-1,50
2,1,2,33 62,cpp-alphabeta-d10,tactical,1,55
3,1,2,33 62,tactical,cpp-alphabeta-d10,-1,66
4,2,2,41 47,cpp-alphabeta-d10,tactical,1,53
5,2,2,41 47,tactical,cpp-alphabeta-d10,-1,50
6,3,2,63 5,cpp-alphabeta-d10,tactical,1,55
7,3,2,63 5,tactical,cpp-alphabeta-d10,-1,58
8,4,2,13 41,cpp-alphabeta-d10,tactical,1,57
9,4,2,13 41,tactical,cpp-alphabeta-d10,-1,54
10,5,2,71 72,cpp-alphabeta-d10,tactical,1,55
11,5,2,71 72,tactical,cpp-alphabeta-d10,-1,58
12,6,2,59 48,cpp-alphabeta-d10,tactical,1,51
13,6,2,59 48,tactical,cpp-alphabeta-d10,-1,62
14,7,2,12 32,cpp-alphabeta-d10,tactical,1,59
15,7,2,12 32,tactical,cpp-alphabeta-d10,-1,60
16,8,2,31 44,cpp-alphabeta-d10,tactical,1,57
17,8,2,31 44,tactical,cpp-alphabeta-d10,-1,52
18,9,2,39 35,cpp-alphabeta-d10,tactical,1,59
19,9,2,39 35,tactical,cpp-alphabeta-d10,-1,50
20,10,2,14 46,cpp-alphabeta-d10,tactical,1,55
21,10,2,14 46,tactical,cpp-alphabeta-d10,-1,56
22,11,2,20 21,cpp-alphabeta-d10,tactical,1,49
23,11,2,20 21,tactical,cpp-alphabeta-d10,-1,52
24,12,2,29 21,cpp-alphabeta-d10,tactical,1,53
25,12,2,29 21,tactical,cpp-alphabeta-d10,-1,52
26,13,2,42 57,cpp-alphabeta-d10,tactical,1,55
27,13,2,42 57,tactical,cpp-alphabeta-d10,-1,56
28,14,2,13 41,cpp-alphabeta-d10,tactical,1,55
29,14,2,13 41,tactical,cpp-alphabeta-d10,-1,58
30,15,2,64 15,cpp-alphabeta-d10,tactical,1,57
31,15,2,64 15,tactical,cpp-alphabeta-d10,-1,54
32,16,2,17 75,cpp-alphabeta-d10,tactical,1,59
33,16,2,17 75,tactical,cpp-alphabeta-d10,-1,58
34,17,2,10 17,cpp-alphabeta-d10,tactical,1,49
35,17,2,10 17,tactical,cpp-alphabeta-d10,-1,66
36,18,2,22 43,cpp-alphabeta-d10,tactical,1,55
37,18,2,22 43,tactical,cpp-alphabeta-d10,-1,56
38,19,2,10 11,cpp-alphabeta-d10,tactical,1,57
39,19,2,10 11,tactical,cpp-alphabeta-d10,-1,60
40,20,2,22 40,cpp-alphabeta-d10,tactical,1,55
41,20,2,22 40,tactical,cpp-alphabeta-d10,-1,56
42,21,2,15 54,cpp-alphabeta-d10,tactical,1,47
43,21,2,15 54,tactical,cpp-alphabeta-d10,-1,60
44,22,2,32 51,cpp-alphabeta-d10,tactical,1,51
45,22,2,32 51,tactical,cpp-alphabeta-d10,-1,54
46,23,2,49 36,cpp-alphabeta-d10,tactical,1,57
47,23,2,49 36,tactical,cpp-alphabeta-d10,-1,50
48,24,2,2 24,cpp-alphabeta-d10,tactical,1,57
49,24,2,2 24,tactical,cpp-alphabeta-d10,-1,56
50,25,2,59 47,cpp-alphabeta-d10,tactical,1,55
51,25,2,59 47,tactical,cpp-alphabeta-d10,-1,56
52,26,2,21 35,cpp-alphabeta-d10,tactical,1,57
53,26,2,21 35,tactical,cpp-alphabeta-d10,-1,56
54,27,2,9 8,cpp-alphabeta-d10,tactical,1,55
55,27,2,9 8,tactical,cpp-alphabeta-d10,-1,54
56,28,2,74 20,cpp-alphabeta-d10,tactical,1,59
57,28,2,74 20,tactical,cpp-alphabeta-d10,-1,52
58,29,2,78 59,cpp-alphabeta-d10,tactical,1,55
59,29,2,78 59,tactical,cpp-alphabeta-d10,0,62
60,30,2,44 74,cpp-alphabeta-d10,tactical,1,51
61,30,2,44 74,tactical,cpp-alphabeta-d10,0,60
62,31,2,27 4,cpp-alphabeta-d10,tactical,1,53
63,31,2,27 4,tactical,cpp-alphabeta-d10,-1,48
64,32,2,37 12,cpp-alphabeta-d10,tactical,1,57
65,32,2,37 12,tactical,cpp-alphabeta-d10,-1,58
66,33,2,17 73,cpp-alphabeta-d10,tactical,1,57
67,33,2,17 73,tactical,cpp-alphabeta-d10,-1,54
68,34,2,49 42,cpp-alphabeta-d10,tactical,1,53
69,34,2,49 42,tactical,cpp-alphabeta-d10,-1,52
70,35,2,24 61,cpp-alphabeta-d10,tactical,1,51
71,35,2,24 61,tactical,cpp-alphabeta-d10,-1,54
0,0,2,13 38,cpp-alphabeta-d10,threat-block,1,47
1,0,2,13 38,threat-block,cpp-alphabeta-d10,-1,40
2,1,2,62 72,cpp-alphabeta-d10,threat-block,1,43
3,1,2,62 72,threat-block,cpp-alphabeta-d10,-1,48
4,2,2,7 63,cpp-alphabeta-d10,threat-block,-1,26
5,2,2,7 63,threat-block,cpp-alphabeta-d10,0,36
6,3,2,79 67,cpp-alphabeta-d10,threat-block,-1,30
7,3,2,79 67,threat-block,cpp-alphabeta-d10,0,37
8,4,2,63 0,cpp-alphabeta-d10,threat-block,1,53
9,4,2,63 0,threat-block,cpp-alphabeta-d10,-1,40
10,5,2,45 3,cpp-alphabeta-d10,threat-block,1,37
11,5,2,45 3,threat-block,cpp-alphabeta-d10,-1,50
12,6,2,11 24,cpp-alphabeta-d10,threat-block,0,49
13,6,2,11 24,threat-block,cpp-alphabeta-d10,-1,48
14,7,2,74 19,cpp-alphabeta-d10,threat-block,0,41
15,7,2,74 19,threat-block,cpp-alphabeta-d10,-1,46
16,8,2,8 76,cpp-alphabeta-d10,threat-block,1,47
17,8,2,8 76,threat-block,cpp-alphabeta-d10,-1,46
18,9,2,74 25,cpp-alphabeta-d10,threat-block,1,41
19,9,2,74 25,threat-block,cpp-alphabeta-d10,-1,36
20,10,2,24 54,cpp-alphabeta-d10,threat-block,1,51
21,10,2,24 54,threat-block,cpp-alphabeta-d10,-1,40
22,11,2,24 56,cpp-alphabeta-d10,threat-block,0,38
23,11,2,24 56,threat-block,cpp-alphabeta-d10,-1,42
24,12,2,58 38,cpp-alphabeta-d10,threat-block,1,43
25,12,2,58 38,threat-block,cpp-alphabeta-d10,-1,38
26,13,2,5 47,cpp-alphabeta-d10,threat-block,1,37
27,13,2,5 47,threat-block,cpp-alphabeta-d10,-1,48
28,14,2,57 28,cpp-alphabeta-d10,threat-block,1,35
29,14,2,57 28,threat-block,cpp-alphabeta-d10,-1,46
30,15,2,63 0,cpp-alphabeta-d10,threat-block,-1,30
31,15,2,63 0,threat-block,cpp-alphabeta-d10,-1,38
32,16,2,61 70,cpp-alphabeta-d10,threat-block,1,43
33,16,2,61 70,threat-block,cpp-alphabeta-d10,-1,54
34,17,2,67 43,cpp-alphabeta-d10,threat-block,1,49
35,17,2,67 43,threat-block,cpp-alphabeta-d10,-1,48
36,18,2,0 3,cpp-alphabeta-d10,threat-block,1,45
37,18,2,0 3,threat-block,cpp-alphabeta-d10,1,33
38,19,2,68 47,cpp-alphabeta-d10,threat-block,1,45
39,19,2,68 47,threat-block,cpp-alphabeta-d10,0,44
40,20,2,47 22,cpp-alphabeta-d10,threat-block,1,51
41,20,2,47 22,threat-block,cpp-alphabeta-d10,-1,50
42,21,2,67 38,cpp-alphabeta-d10,threat-block,-1,32
43,21,2,67 38,threat-block,cpp-alphabeta-d10,-1,38
44,22,2,58 40,cpp-alphabeta-d10,threat-block,1,29
45,22,2,58 40,threat-block,cpp-alphabeta-d10,-1,44
46,23,2,28 9,cpp-alphabeta-d10,threat-block,1,43
47,23,2,28 9,threat-block,cpp-alphabeta-d10,-1,44
48,24,2,15 59,cpp-alphabeta-d10,threat-block,1,47
49,24,2,15 59,threat-block,cpp-alphabeta-d10,-1,38
50,25,2,10 16,cpp-alphabeta-d10,threat-block,1,43
51,25,2,10 16,threat-block,cpp-alphabeta-d10,-1,42
52,26,2,17 76,cpp-alphabeta-d10,threat-block,1,45
53,26,2,17 76,threat-block,cpp-alphabeta-d10,0,39
54,27,2,21 29,cpp-alphabeta-d10,threat-block,1,37
55,27,2,21 29,threat-block,cpp-alphabeta-d10,-1,48
56,28,2,56 22,cpp-alphabeta-d10,threat-block,1,39
57,28,2,56 22,threat-block,cpp-alphabeta-d10,-1,38
58,29,2,8 78,cpp-alphabeta-d10,threat-block,1,45
59,29,2,8 78,threat-block,cpp-alphabeta-d10,0,37
60,30,2,62 75,cpp-alphabeta-d10,threat-block,1,37
61,30,2,62 75,threat-block,cpp-alphabeta-d10,0,48
62,31,2,1 12,cpp-alphabeta-d10,threat-block,1,43
63,31,2,1 12,threat-block,cpp-alphabeta-d10,0,45
64,32,2,13 37,cpp-alphabeta-d10,threat-block,1,41
65,32,2,13 37,threat-block,cpp-alphabeta-d10,0,40
66,33,2,33 57,cpp-alphabeta-d10,threat-block,1,43
67,33,2,33 57,threat-block,cpp-alphabeta-d10,-1,42
68,34,2,72 1,cpp-alphabeta-d10,threat-block,-1,38
69,34,2,72 1,threat-block,cpp-alphabeta-d10,-1,40
70,35,2,76 41,cpp-alphabeta-d10,threat-block,1,51
71,35,2,76 41,threat-block,cpp-alphabeta-d10,-1,40
0,0,2,27 8,cpp-alphabeta-d10,openspiel-mcts-100,1,35
1,0,2,27 8,openspiel-mcts-100,cpp-alphabeta-d10,0,60
2,1,2,27 1,cpp-alphabeta-d10,openspiel-mcts-100,1,59
3,1,2,27 1,openspiel-mcts-100,cpp-alphabeta-d10,-1,54
4,2,2,42 55,cpp-alphabeta-d10,openspiel-mcts-100,1,59
5,2,2,42 55,openspiel-mcts-100,cpp-alphabeta-d10,-1,56
6,3,2,2 21,cpp-alphabeta-d10,openspiel-mcts-100,1,55
7,3,2,2 21,openspiel-mcts-100,cpp-alphabeta-d10,-1,54
8,4,2,55 16,cpp-alphabeta-d10,openspiel-mcts-100,1,55
9,4,2,55 16,openspiel-mcts-100,cpp-alphabeta-d10,-1,56
10,5,2,73 17,cpp-alphabeta-d10,openspiel-mcts-100,1,41
11,5,2,73 17,openspiel-mcts-100,cpp-alphabeta-d10,-1,56
12,6,2,36 3,cpp-alphabeta-d10,openspiel-mcts-100,1,53
13,6,2,36 3,openspiel-mcts-100,cpp-alphabeta-d10,-1,26
14,7,2,64 13,cpp-alphabeta-d10,openspiel-mcts-100,1,47
15,7,2,64 13,openspiel-mcts-100,cpp-alphabeta-d10,-1,56
16,8,2,78 58,cpp-alphabeta-d10,openspiel-mcts-100,1,51
17,8,2,78 58,openspiel-mcts-100,cpp-alphabeta-d10,-1,50
18,9,2,63 1,cpp-alphabeta-d10,openspiel-mcts-100,1,43
19,9,2,63 1,openspiel-mcts-100,cpp-alphabeta-d10,-1,54
20,10,2,46 9,cpp-alphabeta-d10,openspiel-mcts-100,1,47
21,10,2,46 9,openspiel-mcts-100,cpp-alphabeta-d10,-1,46
22,11,2,40 44,cpp-alphabeta-d10,openspiel-mcts-100,1,55
23,11,2,40 44,openspiel-mcts-100,cpp-alphabeta-d10,-1,48
24,12,2,5 49,cpp-alphabeta-d10,openspiel-mcts-100,1,45
25,12,2,5 49,openspiel-mcts-100,cpp-alphabeta-d10,-1,52
26,13,2,52 69,cpp-alphabeta-d10,openspiel-mcts-100,1,47
27,13,2,52 69,openspiel-mcts-100,cpp-alphabeta-d10,-1,46
28,14,2,59 49,cpp-alphabeta-d10,openspiel-mcts-100,1,53
29,14,2,59 49,openspiel-mcts-100,cpp-alphabeta-d10,-1,54
30,15,2,9 7,cpp-alphabeta-d10,openspiel-mcts-100,1,55
31,15,2,9 7,openspiel-mcts-100,cpp-alphabeta-d10,-1,46
32,16,2,76 40,cpp-alphabeta-d10,openspiel-mcts-100,1,55
33,16,2,76 40,openspiel-mcts-100,cpp-alphabeta-d10,-1,46
34,17,2,23 51,cpp-alphabeta-d10,openspiel-mcts-100,1,31
35,17,2,23 51,openspiel-mcts-100,cpp-alphabeta-d10,-1,34
36,18,2,29 25,cpp-alphabeta-d10,openspiel-mcts-100,1,53
37,18,2,29 25,openspiel-mcts-100,cpp-alphabeta-d10,-1,66
38,19,2,10 15,cpp-alphabeta-d10,openspiel-mcts-100,1,55
39,19,2,10 15,openspiel-mcts-100,cpp-alphabeta-d10,-1,54
40,20,2,63 1,cpp-alphabeta-d10,openspiel-mcts-100,1,49
41,20,2,63 1,openspiel-mcts-100,cpp-alphabeta-d10,-1,38
42,21,2,3 34,cpp-alphabeta-d10,openspiel-mcts-100,1,49
43,21,2,3 34,openspiel-mcts-100,cpp-alphabeta-d10,-1,50
44,22,2,72 4,cpp-alphabeta-d10,openspiel-mcts-100,1,43
45,22,2,72 4,openspiel-mcts-100,cpp-alphabeta-d10,-1,38
46,23,2,58 41,cpp-alphabeta-d10,openspiel-mcts-100,1,51
47,23,2,58 41,openspiel-mcts-100,cpp-alphabeta-d10,-1,54
48,24,2,4 38,cpp-alphabeta-d10,openspiel-mcts-100,1,29
49,24,2,4 38,openspiel-mcts-100,cpp-alphabeta-d10,-1,48
50,25,2,0 8,cpp-alphabeta-d10,openspiel-mcts-100,1,27
51,25,2,0 8,openspiel-mcts-100,cpp-alphabeta-d10,-1,38
52,26,2,22 44,cpp-alphabeta-d10,openspiel-mcts-100,1,39
53,26,2,22 44,openspiel-mcts-100,cpp-alphabeta-d10,-1,40
54,27,2,67 43,cpp-alphabeta-d10,openspiel-mcts-100,1,41
55,27,2,67 43,openspiel-mcts-100,cpp-alphabeta-d10,-1,42
56,28,2,22 37,cpp-alphabeta-d10,openspiel-mcts-100,1,47
57,28,2,22 37,openspiel-mcts-100,cpp-alphabeta-d10,-1,48
58,29,2,70 64,cpp-alphabeta-d10,openspiel-mcts-100,1,51
59,29,2,70 64,openspiel-mcts-100,cpp-alphabeta-d10,-1,48
60,30,2,5 48,cpp-alphabeta-d10,openspiel-mcts-100,1,45
61,30,2,5 48,openspiel-mcts-100,cpp-alphabeta-d10,-1,50
62,31,2,56 20,cpp-alphabeta-d10,openspiel-mcts-100,1,47
63,31,2,56 20,openspiel-mcts-100,cpp-alphabeta-d10,-1,62
64,32,2,35 73,cpp-alphabeta-d10,openspiel-mcts-100,1,55
65,32,2,35 73,openspiel-mcts-100,cpp-alphabeta-d10,-1,50
66,33,2,25 64,cpp-alphabeta-d10,openspiel-mcts-100,1,57
67,33,2,25 64,openspiel-mcts-100,cpp-alphabeta-d10,-1,48
68,34,2,26 72,cpp-alphabeta-d10,openspiel-mcts-100,1,47
69,34,2,26 72,openspiel-mcts-100,cpp-alphabeta-d10,-1,48
70,35,2,34 63,cpp-alphabeta-d10,openspiel-mcts-100,1,53
71,35,2,34 63,openspiel-mcts-100,cpp-alphabeta-d10,-1,50
0,0,2,78 59,cpp-alphabeta-d10,utttai-128,-1,50
1,0,2,78 59,utttai-128,cpp-alphabeta-d10,1,39
2,1,2,64 12,cpp-alphabeta-d10,utttai-128,-1,50
3,1,2,64 12,utttai-128,cpp-alphabeta-d10,1,45
4,2,2,11 26,cpp-alphabeta-d10,utttai-128,-1,44
5,2,2,11 26,utttai-128,cpp-alphabeta-d10,1,47
6,3,2,28 17,cpp-alphabeta-d10,utttai-128,-1,38
7,3,2,28 17,utttai-128,cpp-alphabeta-d10,1,41
8,4,2,4 44,cpp-alphabeta-d10,utttai-128,1,43
9,4,2,4 44,utttai-128,cpp-alphabeta-d10,0,52
10,5,2,54 8,cpp-alphabeta-d10,utttai-128,-1,42
11,5,2,54 8,utttai-128,cpp-alphabeta-d10,1,47
12,6,2,69 58,cpp-alphabeta-d10,utttai-128,0,57
13,6,2,69 58,utttai-128,cpp-alphabeta-d10,1,49
14,7,2,59 45,cpp-alphabeta-d10,utttai-128,-1,54
15,7,2,59 45,utttai-128,cpp-alphabeta-d10,1,43
16,8,2,61 66,cpp-alphabeta-d10,utttai-128,-1,38
17,8,2,61 66,utttai-128,cpp-alphabeta-d10,1,39
18,9,2,31 39,cpp-alphabeta-d10,utttai-128,0,53
19,9,2,31 39,utttai-128,cpp-alphabeta-d10,1,51
20,10,2,73 9,cpp-alphabeta-d10,utttai-128,-1,52
21,10,2,73 9,utttai-128,cpp-alphabeta-d10,1,55
22,11,2,54 0,cpp-alphabeta-d10,utttai-128,-1,54
23,11,2,54 0,utttai-128,cpp-alphabeta-d10,1,39
24,12,2,2 26,cpp-alphabeta-d10,utttai-128,-1,42
25,12,2,2 26,utttai-128,cpp-alphabeta-d10,1,47
26,13,2,23 53,cpp-alphabeta-d10,utttai-128,-1,38
27,13,2,23 53,utttai-128,cpp-alphabeta-d10,1,49
28,14,2,69 59,cpp-alphabeta-d10,utttai-128,-1,42
29,14,2,69 59,utttai-128,cpp-alphabeta-d10,0,50
30,15,2,74 18,cpp-alphabeta-d10,utttai-128,-1,48
31,15,2,74 18,utttai-128,cpp-alphabeta-d10,-1,54
32,16,2,64 16,cpp-alphabeta-d10,utttai-128,-1,42
33,16,2,64 16,utttai-128,cpp-alphabeta-d10,-1,54
34,17,2,1 15,cpp-alphabeta-d10,utttai-128,-1,34
35,17,2,1 15,utttai-128,cpp-alphabeta-d10,1,47
36,18,2,58 37,cpp-alphabeta-d10,utttai-128,-1,46
37,18,2,58 37,utttai-128,cpp-alphabeta-d10,1,37
38,19,2,73 11,cpp-alphabeta-d10,utttai-128,-1,46
39,19,2,73 11,utttai-128,cpp-alphabeta-d10,1,49
40,20,2,0 5,cpp-alphabeta-d10,utttai-128,-1,44
41,20,2,0 5,utttai-128,cpp-alphabeta-d10,1,43
42,21,2,27 6,cpp-alphabeta-d10,utttai-128,-1,50
43,21,2,27 6,utttai-128,cpp-alphabeta-d10,1,51
44,22,2,36 7,cpp-alphabeta-d10,utttai-128,-1,50
45,22,2,36 7,utttai-128,cpp-alphabeta-d10,1,47
46,23,2,73 10,cpp-alphabeta-d10,utttai-128,-1,58
47,23,2,73 10,utttai-128,cpp-alphabeta-d10,0,63
48,24,2,25 69,cpp-alphabeta-d10,utttai-128,-1,46
49,24,2,25 69,utttai-128,cpp-alphabeta-d10,1,41
50,25,2,40 44,cpp-alphabeta-d10,utttai-128,0,56
51,25,2,40 44,utttai-128,cpp-alphabeta-d10,1,57
52,26,2,39 33,cpp-alphabeta-d10,utttai-128,-1,56
53,26,2,39 33,utttai-128,cpp-alphabeta-d10,0,58
54,27,2,50 45,cpp-alphabeta-d10,utttai-128,-1,48
55,27,2,50 45,utttai-128,cpp-alphabeta-d10,0,58
56,28,2,61 65,cpp-alphabeta-d10,utttai-128,-1,40
57,28,2,61 65,utttai-128,cpp-alphabeta-d10,1,37
58,29,2,12 31,cpp-alphabeta-d10,utttai-128,-1,38
59,29,2,12 31,utttai-128,cpp-alphabeta-d10,1,45
60,30,2,6 61,cpp-alphabeta-d10,utttai-128,-1,46
61,30,2,6 61,utttai-128,cpp-alphabeta-d10,1,47
62,31,2,30 29,cpp-alphabeta-d10,utttai-128,-1,50
63,31,2,30 29,utttai-128,cpp-alphabeta-d10,1,41
64,32,2,37 16,cpp-alphabeta-d10,utttai-128,0,57
65,32,2,37 16,utttai-128,cpp-alphabeta-d10,-1,48
66,33,2,37 12,cpp-alphabeta-d10,utttai-128,0,57
67,33,2,37 12,utttai-128,cpp-alphabeta-d10,1,49
68,34,2,55 15,cpp-alphabeta-d10,utttai-128,0,58
69,34,2,55 15,utttai-128,cpp-alphabeta-d10,1,39
70,35,2,11 21,cpp-alphabeta-d10,utttai-128,-1,44
71,35,2,11 21,utttai-128,cpp-alphabeta-d10,1,47
0,0,2,19 11,cpp-alphabeta-d6,cpp-alphabeta-d4,0,59
1,0,2,19 11,cpp-alphabeta-d4,cpp-alphabeta-d6,-1,54
2,1,2,10 16,cpp-alphabeta-d6,cpp-alphabeta-d4,1,57
3,1,2,10 16,cpp-alphabeta-d4,cpp-alphabeta-d6,-1,48
4,2,2,69 58,cpp-alphabeta-d6,cpp-alphabeta-d4,1,49
5,2,2,69 58,cpp-alphabeta-d4,cpp-alphabeta-d6,-1,54
6,3,2,37 13,cpp-alphabeta-d6,cpp-alphabeta-d4,1,51
7,3,2,37 13,cpp-alphabeta-d4,cpp-alphabeta-d6,-1,48
8,4,2,65 18,cpp-alphabeta-d6,cpp-alphabeta-d4,1,55
9,4,2,65 18,cpp-alphabeta-d4,cpp-alphabeta-d6,0,58
10,5,2,15 60,cpp-alphabeta-d6,cpp-alphabeta-d4,0,65
11,5,2,15 60,cpp-alphabeta-d4,cpp-alphabeta-d6,-1,56
12,6,2,39 35,cpp-alphabeta-d6,cpp-alphabeta-d4,1,55
13,6,2,39 35,cpp-alphabeta-d4,cpp-alphabeta-d6,0,69
14,7,2,34 69,cpp-alphabeta-d6,cpp-alphabeta-d4,0,60
15,7,2,34 69,cpp-alphabeta-d4,cpp-alphabeta-d6,-1,58
16,8,2,24 55,cpp-alphabeta-d6,cpp-alphabeta-d4,1,61
17,8,2,24 55,cpp-alphabeta-d4,cpp-alphabeta-d6,1,51
18,9,2,55 16,cpp-alphabeta-d6,cpp-alphabeta-d4,-1,52
19,9,2,55 16,cpp-alphabeta-d4,cpp-alphabeta-d6,-1,56
20,10,2,65 25,cpp-alphabeta-d6,cpp-alphabeta-d4,1,55
21,10,2,65 25,cpp-alphabeta-d4,cpp-alphabeta-d6,-1,66
22,11,2,7 66,cpp-alphabeta-d6,cpp-alphabeta-d4,1,59
23,11,2,7 66,cpp-alphabeta-d4,cpp-alphabeta-d6,0,51
24,12,2,6 54,cpp-alphabeta-d6,cpp-alphabeta-d4,0,58
25,12,2,6 54,cpp-alphabeta-d4,cpp-alphabeta-d6,-1,46
26,13,2,23 45,cpp-alphabeta-d6,cpp-alphabeta-d4,1,51
27,13,2,23 45,cpp-alphabeta-d4,cpp-alphabeta-d6,0,59
28,14,2,6 58,cpp-alphabeta-d6,cpp-alphabeta-d4,1,65
29,14,2,6 58,cpp-alphabeta-d4,cpp-alphabeta-d6,-1,54
30,15,2,12 31,cpp-alphabeta-d6,cpp-alphabeta-d4,0,63
31,15,2,12 31,cpp-alphabeta-d4,cpp-alphabeta-d6,-1,62
32,16,2,37 17,cpp-alphabeta-d6,cpp-alphabeta-d4,1,59
33,16,2,37 17,cpp-alphabeta-d4,cpp-alphabeta-d6,-1,54
34,17,2,20 26,cpp-alphabeta-d6,cpp-alphabeta-d4,1,47
35,17,2,20 26,cpp-alphabeta-d4,cpp-alphabeta-d6,-1,48
36,18,2,2 19,cpp-alphabeta-d6,cpp-alphabeta-d4,1,49
37,18,2,2 19,cpp-alphabeta-d4,cpp-alphabeta-d6,0,53
38,19,2,49 43,cpp-alphabeta-d6,cpp-alphabeta-d4,1,53
39,19,2,49 43,cpp-alphabeta-d4,cpp-alphabeta-d6,-1,50
40,20,2,20 25,cpp-alphabeta-d6,cpp-alphabeta-d4,0,58
41,20,2,20 25,cpp-alphabeta-d4,cpp-alphabeta-d6,-1,58
42,21,2,30 31,cpp-alphabeta-d6,cpp-alphabeta-d4,1,55
43,21,2,30 31,cpp-alphabeta-d4,cpp-alphabeta-d6,0,67
44,22,2,57 35,cpp-alphabeta-d6,cpp-alphabeta-d4,0,52
45,22,2,57 35,cpp-alphabeta-d4,cpp-alphabeta-d6,-1,42
46,23,2,48 29,cpp-alphabeta-d6,cpp-alphabeta-d4,1,45
47,23,2,48 29,cpp-alphabeta-d4,cpp-alphabeta-d6,-1,62
48,24,2,37 12,cpp-alphabeta-d6,cpp-alphabeta-d4,1,51
49,24,2,37 12,cpp-alphabeta-d4,cpp-alphabeta-d6,0,58
50,25,2,30 29,cpp-alphabeta-d6,cpp-alphabeta-d4,0,60
51,25,2,30 29,cpp-alphabeta-d4,cpp-alphabeta-d6,-1,52
52,26,2,45 6,cpp-alphabeta-d6,cpp-alphabeta-d4,0,53
53,26,2,45 6,cpp-alphabeta-d4,cpp-alphabeta-d6,0,57
54,27,2,24 54,cpp-alphabeta-d6,cpp-alphabeta-d4,0,59
55,27,2,24 54,cpp-alphabeta-d4,cpp-alphabeta-d6,0,67
56,28,2,67 37,cpp-alphabeta-d6,cpp-alphabeta-d4,1,53
57,28,2,67 37,cpp-alphabeta-d4,cpp-alphabeta-d6,-1,54
58,29,2,63 0,cpp-alphabeta-d6,cpp-alphabeta-d4,1,45
59,29,2,63 0,cpp-alphabeta-d4,cpp-alphabeta-d6,-1,60
60,30,2,14 53,cpp-alphabeta-d6,cpp-alphabeta-d4,1,53
61,30,2,14 53,cpp-alphabeta-d4,cpp-alphabeta-d6,-1,54
62,31,2,68 51,cpp-alphabeta-d6,cpp-alphabeta-d4,1,65
63,31,2,68 51,cpp-alphabeta-d4,cpp-alphabeta-d6,-1,54
64,32,2,62 75,cpp-alphabeta-d6,cpp-alphabeta-d4,0,55
65,32,2,62 75,cpp-alphabeta-d4,cpp-alphabeta-d6,1,53
66,33,2,51 57,cpp-alphabeta-d6,cpp-alphabeta-d4,1,51
67,33,2,51 57,cpp-alphabeta-d4,cpp-alphabeta-d6,-1,46
68,34,2,58 39,cpp-alphabeta-d6,cpp-alphabeta-d4,1,63
69,34,2,58 39,cpp-alphabeta-d4,cpp-alphabeta-d6,-1,58
70,35,2,5 50,cpp-alphabeta-d6,cpp-alphabeta-d4,0,61
71,35,2,5 50,cpp-alphabeta-d4,cpp-alphabeta-d6,-1,56
0,0,2,16 69,cpp-alphabeta-d6,tactical,1,45
1,0,2,16 69,tactical,cpp-alphabeta-d6,-1,52
2,1,2,32 49,cpp-alphabeta-d6,tactical,1,53
3,1,2,32 49,tactical,cpp-alphabeta-d6,-1,60
4,2,2,5 51,cpp-alphabeta-d6,tactical,1,63
5,2,2,5 51,tactical,cpp-alphabeta-d6,-1,58
6,3,2,20 24,cpp-alphabeta-d6,tactical,1,57
7,3,2,20 24,tactical,cpp-alphabeta-d6,-1,56
8,4,2,80 73,cpp-alphabeta-d6,tactical,1,63
9,4,2,80 73,tactical,cpp-alphabeta-d6,0,59
10,5,2,7 65,cpp-alphabeta-d6,tactical,0,55
11,5,2,7 65,tactical,cpp-alphabeta-d6,-1,56
12,6,2,67 37,cpp-alphabeta-d6,tactical,0,61
13,6,2,67 37,tactical,cpp-alphabeta-d6,-1,52
14,7,2,3 32,cpp-alphabeta-d6,tactical,1,63
15,7,2,3 32,tactical,cpp-alphabeta-d6,-1,52
16,8,2,0 2,cpp-alphabeta-d6,tactical,0,62
17,8,2,0 2,tactical,cpp-alphabeta-d6,-1,54
18,9,2,73 11,cpp-alphabeta-d6,tactical,1,55
19,9,2,73 11,tactical,cpp-alphabeta-d6,0,69
20,10,2,27 2,cpp-alphabeta-d6,tactical,1,59
21,10,2,27 2,tactical,cpp-alphabeta-d6,-1,62
22,11,2,69 62,cpp-alphabeta-d6,tactical,1,57
23,11,2,69 62,tactical,cpp-alphabeta-d6,-1,58
24,12,2,29 22,cpp-alphabeta-d6,tactical,1,59
25,12,2,29 22,tactical,cpp-alphabeta-d6,-1,50
26,13,2,22 37,cpp-alphabeta-d6,tactical,1,55
27,13,2,22 37,tactical,cpp-alphabeta-d6,-1,58
28,14,2,75 33,cpp-alphabeta-d6,tactical,1,57
29,14,2,75 33,tactical,cpp-alphabeta-d6,-1,54
30,15,2,6 59,cpp-alphabeta-d6,tactical,1,65
31,15,2,6 59,tactical,cpp-alphabeta-d6,-1,48
32,16,2,79 71,cpp-alphabeta-d6,tactical,0,52
33,16,2,79 71,tactical,cpp-alphabeta-d6,-1,52
34,17,2,32 45,cpp-alphabeta-d6,tactical,1,57
35,17,2,32 45,tactical,cpp-alphabeta-d6,-1,56
36,18,2,61 68,cpp-alphabeta-d6,tactical,1,55
37,18,2,61 68,tactical,cpp-alphabeta-d6,1,57
38,19,2,68 45,cpp-alphabeta-d6,tactical,1,53
39,19,2,68 45,tactical,cpp-alphabeta-d6,0,60
40,20,2,30 28,cpp-alphabeta-d6,tactical,1,61
41,20,2,30 28,tactical,cpp-alphabeta-d6,-1,48
42,21,2,22 41,cpp-alphabeta-d6,tactical,1,49
43,21,2,22 41,tactical,cpp-alphabeta-d6,-1,54
44,22,2,55 11,cpp-alphabeta-d6,tactical,1,59
45,22,2,55 11,tactical,cpp-alphabeta-d6,0,65
46,23,2,39 28,cpp-alphabeta-d6,tactical,1,61
47,23,2,39 28,tactical,cpp-alphabeta-d6,0,63
48,24,2,31 38,cpp-alphabeta-d6,tactical,1,63
49,24,2,31 38,tactical,cpp-alphabeta-d6,-1,58
50,25,2,14 51,cpp-alphabeta-d6,tactical,1,61
51,25,2,14 51,tactical,cpp-alphabeta-d6,-1,54
52,26,2,18 7,cpp-alphabeta-d6,tactical,1,55
53,26,2,18 7,tactical,cpp-alphabeta-d6,-1,70
54,27,2,4 40,cpp-alphabeta-d6,tactical,1,55
55,27,2,4 40,tactical,cpp-alphabeta-d6,-1,48
56,28,2,13 38,cpp-alphabeta-d6,tactical,1,57
57,28,2,13 38,tactical,cpp-alphabeta-d6,-1,54
58,29,2,33 55,cpp-alphabeta-d6,tactical,1,53
59,29,2,33 55,tactical,cpp-alphabeta-d6,-1,54
60,30,2,36 1,cpp-alphabeta-d6,tactical,1,61
61,30,2,36 1,tactical,cpp-alphabeta-d6,-1,56
62,31,2,56 25,cpp-alphabeta-d6,tactical,-1,60
63,31,2,56 25,tactical,cpp-alphabeta-d6,-1,52
64,32,2,6 56,cpp-alphabeta-d6,tactical,1,55
65,32,2,6 56,tactical,cpp-alphabeta-d6,-1,64
66,33,2,29 18,cpp-alphabeta-d6,tactical,1,53
67,33,2,29 18,tactical,cpp-alphabeta-d6,0,59
68,34,2,12 35,cpp-alphabeta-d6,tactical,1,53
69,34,2,12 35,tactical,cpp-alphabeta-d6,-1,52
70,35,2,17 79,cpp-alphabeta-d6,tactical,1,51
71,35,2,17 79,tactical,cpp-alphabeta-d6,-1,54
0,0,2,38 25,cpp-alphabeta-d6,threat-block,1,53
1,0,2,38 25,threat-block,cpp-alphabeta-d6,-1,42
2,1,2,12 30,cpp-alphabeta-d6,threat-block,0,48
3,1,2,12 30,threat-block,cpp-alphabeta-d6,-1,46
4,2,2,7 66,cpp-alphabeta-d6,threat-block,1,49
5,2,2,7 66,threat-block,cpp-alphabeta-d6,-1,44
6,3,2,71 79,cpp-alphabeta-d6,threat-block,1,43
7,3,2,71 79,threat-block,cpp-alphabeta-d6,-1,30
8,4,2,58 36,cpp-alphabeta-d6,threat-block,1,41
9,4,2,58 36,threat-block,cpp-alphabeta-d6,-1,44
10,5,2,40 39,cpp-alphabeta-d6,threat-block,1,43
11,5,2,40 39,threat-block,cpp-alphabeta-d6,-1,46
12,6,2,73 14,cpp-alphabeta-d6,threat-block,1,53
13,6,2,73 14,threat-block,cpp-alphabeta-d6,0,43
14,7,2,26 74,cpp-alphabeta-d6,threat-block,0,40
15,7,2,26 74,threat-block,cpp-alphabeta-d6,-1,40
16,8,2,35 72,cpp-alphabeta-d6,threat-block,1,33
17,8,2,35 72,threat-block,cpp-alphabeta-d6,0,50
18,9,2,55 12,cpp-alphabeta-d6,threat-block,-1,40
19,9,2,55 12,threat-block,cpp-alphabeta-d6,-1,40
20,10,2,24 59,cpp-alphabeta-d6,threat-block,1,43
21,10,2,24 59,threat-block,cpp-alphabeta-d6,-1,40
22,11,2,76 41,cpp-alphabeta-d6,threat-block,1,45
23,11,2,76 41,threat-block,cpp-alphabeta-d6,-1,44
24,12,2,73 14,cpp-alphabeta-d6,threat-block,-1,40
25,12,2,73 14,threat-block,cpp-alphabeta-d6,-1,34
26,13,2,61 71,cpp-alphabeta-d6,threat-block,1,53
27,13,2,61 71,threat-block,cpp-alphabeta-d6,-1,40
28,14,2,14 53,cpp-alphabeta-d6,threat-block,1,41
29,14,2,14 53,threat-block,cpp-alphabeta-d6,-1,46
30,15,2,60 54,cpp-alphabeta-d6,threat-block,1,47
31,15,2,60 54,threat-block,cpp-alphabeta-d6,-1,48
32,16,2,61 68,cpp-alphabeta-d6,threat-block,0,48
33,16,2,61 68,threat-block,cpp-alphabeta-d6,-1,34
34,17,2,13 36,cpp-alphabeta-d6,threat-block,1,45
35,17,2,13 36,threat-block,cpp-alphabeta-d6,-1,42
36,18,2,50 47,cpp-alphabeta-d6,threat-block,1,41
37,18,2,50 47,threat-block,cpp-alphabeta-d6,-1,46
38,19,2,15 54,cpp-alphabeta-d6,threat-block,1,45
39,19,2,15 54,threat-block,cpp-alphabeta-d6,-1,40
40,20,2,55 15,cpp-alphabeta-d6,threat-block,1,47
41,20,2,55 15,threat-block,cpp-alphabeta-d6,-1,36
42,21,2,13 44,cpp-alphabeta-d6,threat-block,1,37
43,21,2,13 44,threat-block,cpp-alphabeta-d6,-1,50
44,22,2,22 42,cpp-alphabeta-d6,threat-block,1,41
45,22,2,22 42,threat-block,cpp-alphabeta-d6,-1,40
46,23,2,37 13,cpp-alphabeta-d6,threat-block,1,41
47,23,2,37 13,threat-block,cpp-alphabeta-d6,-1,46
48,24,2,34 68,cpp-alphabeta-d6,threat-block,1,49
49,24,2,34 68,threat-block,cpp-alphabeta-d6,-1,46
50,25,2,22 37,cpp-alphabeta-d6,threat-block,-1,34
51,25,2,22 37,threat-block,cpp-alphabeta-d6,-1,36
52,26,2,33 61,cpp-alphabeta-d6,threat-block,1,41
53,26,2,33 61,threat-block,cpp-alphabeta-d6,-1,50
54,27,2,71 80,cpp-alphabeta-d6,threat-block,1,41
55,27,2,71 80,threat-block,cpp-alphabeta-d6,-1,54
56,28,2,3 27,cpp-alphabeta-d6,threat-block,1,43
57,28,2,3 27,threat-block,cpp-alphabeta-d6,-1,36
58,29,2,36 6,cpp-alphabeta-d6,threat-block,1,47
59,29,2,36 6,threat-block,cpp-alphabeta-d6,-1,42
60,30,2,58 38,cpp-alphabeta-d6,threat-block,1,31
61,30,2,58 38,threat-block,cpp-alphabeta-d6,-1,48
62,31,2,63 2,cpp-alphabeta-d6,threat-block,1,49
63,31,2,63 2,threat-block,cpp-alphabeta-d6,-1,50
64,32,2,10 17,cpp-alphabeta-d6,threat-block,1,45
65,32,2,10 17,threat-block,cpp-alphabeta-d6,0,46
66,33,2,29 22,cpp-alphabeta-d6,threat-block,1,45
67,33,2,29 22,threat-block,cpp-alphabeta-d6,-1,44
68,34,2,17 74,cpp-alphabeta-d6,threat-block,1,45
69,34,2,17 74,threat-block,cpp-alphabeta-d6,-1,38
70,35,2,18 0,cpp-alphabeta-d6,threat-block,1,43
71,35,2,18 0,threat-block,cpp-alphabeta-d6,-1,50
0,0,2,21 31,cpp-alphabeta-d6,openspiel-mcts-100,1,31
1,0,2,21 31,openspiel-mcts-100,cpp-alphabeta-d6,-1,56
2,1,2,26 79,cpp-alphabeta-d6,openspiel-mcts-100,1,43
3,1,2,26 79,openspiel-mcts-100,cpp-alphabeta-d6,-1,50
4,2,2,14 46,cpp-alphabeta-d6,openspiel-mcts-100,1,57
5,2,2,14 46,openspiel-mcts-100,cpp-alphabeta-d6,-1,56
6,3,2,7 68,cpp-alphabeta-d6,openspiel-mcts-100,1,51
7,3,2,7 68,openspiel-mcts-100,cpp-alphabeta-d6,-1,34
8,4,2,45 3,cpp-alphabeta-d6,openspiel-mcts-100,1,45
9,4,2,45 3,openspiel-mcts-100,cpp-alphabeta-d6,-1,48
10,5,2,36 4,cpp-alphabeta-d6,openspiel-mcts-100,1,51
11,5,2,36 4,openspiel-mcts-100,cpp-alphabeta-d6,-1,56
12,6,2,11 24,cpp-alphabeta-d6,openspiel-mcts-100,1,45
13,6,2,11 24,openspiel-mcts-100,cpp-alphabeta-d6,-1,54
14,7,2,4 40,cpp-alphabeta-d6,openspiel-mcts-100,1,53
15,7,2,4 40,openspiel-mcts-100,cpp-alphabeta-d6,-1,56
16,8,2,28 10,cpp-alphabeta-d6,openspiel-mcts-100,0,57
17,8,2,28 10,openspiel-mcts-100,cpp-alphabeta-d6,-1,36
18,9,2,14 45,cpp-alphabeta-d6,openspiel-mcts-100,1,49
19,9,2,14 45,openspiel-mcts-100,cpp-alphabeta-d6,-1,48
20,10,2,32 45,cpp-alphabeta-d6,openspiel-mcts-100,1,47
21,10,2,32 45,openspiel-mcts-100,cpp-alphabeta-d6,-1,46
22,11,2,37 9,cpp-alphabeta-d6,openspiel-mcts-100,1,23
23,11,2,37 9,openspiel-mcts-100,cpp-alphabeta-d6,-1,50
24,12,2,19 16,cpp-alphabeta-d6,openspiel-mcts-100,1,51
25,12,2,19 16,openspiel-mcts-100,cpp-alphabeta-d6,-1,54
26,13,2,7 64,cpp-alphabeta-d6,openspiel-mcts-100,1,51
27,13,2,7 64,openspiel-mcts-100,cpp-alphabeta-d6,-1,60
28,14,2,6 55,cpp-alphabeta-d6,openspiel-mcts-100,1,43
29,14,2,6 55,openspiel-mcts-100,cpp-alphabeta-d6,-1,48
30,15,2,24 62,cpp-alphabeta-d6,openspiel-mcts-100,1,53
31,15,2,24 62,openspiel-mcts-100,cpp-alphabeta-d6,-1,50
32,16,2,64 17,cpp-alphabeta-d6,openspiel-mcts-100,1,53
33,16,2,64 17,openspiel-mcts-100,cpp-alphabeta-d6,-1,42
34,17,2,46 12,cpp-alphabeta-d6,openspiel-mcts-100,1,49
35,17,2,46 12,openspiel-mcts-100,cpp-alphabeta-d6,-1,54
36,18,2,61 70,cpp-alphabeta-d6,openspiel-mcts-100,1,43
37,18,2,61 70,openspiel-mcts-100,cpp-alphabeta-d6,-1,50
38,19,2,50 48,cpp-alphabeta-d6,openspiel-mcts-100,1,33
39,19,2,50 48,openspiel-mcts-100,cpp-alphabeta-d6,-1,40
40,20,2,21 35,cpp-alphabeta-d6,openspiel-mcts-100,1,41
41,20,2,21 35,openspiel-mcts-100,cpp-alphabeta-d6,0,58
42,21,2,7 63,cpp-alphabeta-d6,openspiel-mcts-100,1,37
43,21,2,7 63,openspiel-mcts-100,cpp-alphabeta-d6,-1,48
44,22,2,18 4,cpp-alphabeta-d6,openspiel-mcts-100,1,51
45,22,2,18 4,openspiel-mcts-100,cpp-alphabeta-d6,-1,30
46,23,2,16 71,cpp-alphabeta-d6,openspiel-mcts-100,1,53
47,23,2,16 71,openspiel-mcts-100,cpp-alphabeta-d6,0,58
48,24,2,74 20,cpp-alphabeta-d6,openspiel-mcts-100,1,51
49,24,2,74 20,openspiel-mcts-100,cpp-alphabeta-d6,-1,48
50,25,2,55 12,cpp-alphabeta-d6,openspiel-mcts-100,1,49
51,25,2,55 12,openspiel-mcts-100,cpp-alphabeta-d6,-1,46
52,26,2,52 70,cpp-alphabeta-d6,openspiel-mcts-100,1,57
53,26,2,52 70,openspiel-mcts-100,cpp-alphabeta-d6,-1,48
54,27,2,60 62,cpp-alphabeta-d6,openspiel-mcts-100,1,33
55,27,2,60 62,openspiel-mcts-100,cpp-alphabeta-d6,-1,50
56,28,2,25 65,cpp-alphabeta-d6,openspiel-mcts-100,1,31
57,28,2,25 65,openspiel-mcts-100,cpp-alphabeta-d6,-1,42
58,29,2,0 2,cpp-alphabeta-d6,openspiel-mcts-100,0,60
59,29,2,0 2,openspiel-mcts-100,cpp-alphabeta-d6,-1,50
60,30,2,13 44,cpp-alphabeta-d6,openspiel-mcts-100,1,45
61,30,2,13 44,openspiel-mcts-100,cpp-alphabeta-d6,-1,46
62,31,2,58 44,cpp-alphabeta-d6,openspiel-mcts-100,1,55
63,31,2,58 44,openspiel-mcts-100,cpp-alphabeta-d6,-1,44
64,32,2,36 7,cpp-alphabeta-d6,openspiel-mcts-100,1,39
65,32,2,36 7,openspiel-mcts-100,cpp-alphabeta-d6,-1,50
66,33,2,42 58,cpp-alphabeta-d6,openspiel-mcts-100,1,49
67,33,2,42 58,openspiel-mcts-100,cpp-alphabeta-d6,-1,50
68,34,2,38 26,cpp-alphabeta-d6,openspiel-mcts-100,1,45
69,34,2,38 26,openspiel-mcts-100,cpp-alphabeta-d6,0,53
70,35,2,34 67,cpp-alphabeta-d6,openspiel-mcts-100,1,33
71,35,2,34 67,openspiel-mcts-100,cpp-alphabeta-d6,-1,46
0,0,2,48 33,cpp-alphabeta-d6,utttai-128,-1,40
1,0,2,48 33,utttai-128,cpp-alphabeta-d6,1,45
2,1,2,16 65,cpp-alphabeta-d6,utttai-128,-1,46
3,1,2,16 65,utttai-128,cpp-alphabeta-d6,1,47
4,2,2,3 32,cpp-alphabeta-d6,utttai-128,-1,54
5,2,2,3 32,utttai-128,cpp-alphabeta-d6,1,39
6,3,2,33 54,cpp-alphabeta-d6,utttai-128,-1,46
7,3,2,33 54,utttai-128,cpp-alphabeta-d6,1,51
8,4,2,3 32,cpp-alphabeta-d6,utttai-128,-1,54
9,4,2,3 32,utttai-128,cpp-alphabeta-d6,1,39
10,5,2,3 31,cpp-alphabeta-d6,utttai-128,-1,44
11,5,2,3 31,utttai-128,cpp-alphabeta-d6,1,51
12,6,2,2 24,cpp-alphabeta-d6,utttai-128,-1,42
13,6,2,2 24,utttai-128,cpp-alphabeta-d6,1,43
14,7,2,18 8,cpp-alphabeta-d6,utttai-128,-1,42
15,7,2,18 8,utttai-128,cpp-alphabeta-d6,1,47
16,8,2,73 13,cpp-alphabeta-d6,utttai-128,-1,40
17,8,2,73 13,utttai-128,cpp-alphabeta-d6,1,49
18,9,2,49 43,cpp-alphabeta-d6,utttai-128,-1,44
19,9,2,49 43,utttai-128,cpp-alphabeta-d6,1,41
20,10,2,8 80,cpp-alphabeta-d6,utttai-128,-1,50
21,10,2,8 80,utttai-128,cpp-alphabeta-d6,1,39
22,11,2,47 24,cpp-alphabeta-d6,utttai-128,1,51
23,11,2,47 24,utttai-128,cpp-alphabeta-d6,1,45
24,12,2,62 78,cpp-alphabeta-d6,utttai-128,-1,42
25,12,2,62 78,utttai-128,cpp-alphabeta-d6,1,45
26,13,2,43 65,cpp-alphabeta-d6,utttai-128,-1,38
27,13,2,43 65,utttai-128,cpp-alphabeta-d6,1,47
28,14,2,21 29,cpp-alphabeta-d6,utttai-128,-1,50
29,14,2,21 29,utttai-128,cpp-alphabeta-d6,1,45
30,15,2,42 61,cpp-alphabeta-d6,utttai-128,-1,42
31,15,2,42 61,utttai-128,cpp-alphabeta-d6,1,55
32,16,2,25 68,cpp-alphabeta-d6,utttai-128,-1,56
33,16,2,25 68,utttai-128,cpp-alphabeta-d6,1,49
34,17,2,59 53,cpp-alphabeta-d6,utttai-128,-1,52
35,17,2,59 53,utttai-128,cpp-alphabeta-d6,-1,52
36,18,2,50 53,cpp-alphabeta-d6,utttai-128,-1,40
37,18,2,50 53,utttai-128,cpp-alphabeta-d6,1,39
38,19,2,57 30,cpp-alphabeta-d6,utttai-128,-1,42
39,19,2,57 30,utttai-128,cpp-alphabeta-d6,1,49
40,20,2,28 9,cpp-alphabeta-d6,utttai-128,-1,48
41,20,2,28 9,utttai-128,cpp-alphabeta-d6,1,39
42,21,2,31 40,cpp-alphabeta-d6,utttai-128,-1,46
43,21,2,31 40,utttai-128,cpp-alphabeta-d6,0,51
44,22,2,43 64,cpp-alphabeta-d6,utttai-128,-1,42
45,22,2,43 64,utttai-128,cpp-alphabeta-d6,1,47
46,23,2,27 6,cpp-alphabeta-d6,utttai-128,-1,48
47,23,2,27 6,utttai-128,cpp-alphabeta-d6,1,49
48,24,2,62 72,cpp-alphabeta-d6,utttai-128,-1,44
49,24,2,62 72,utttai-128,cpp-alphabeta-d6,1,51
50,25,2,0 4,cpp-alphabeta-d6,utttai-128,-1,42
51,25,2,0 4,utttai-128,cpp-alphabeta-d6,1,47
52,26,2,66 32,cpp-alphabeta-d6,utttai-128,-1,44
53,26,2,66 32,utttai-128,cpp-alphabeta-d6,1,43
54,27,2,20 24,cpp-alphabeta-d6,utttai-128,-1,52
55,27,2,20 24,utttai-128,cpp-alphabeta-d6,1,49
56,28,2,17 78,cpp-alphabeta-d6,utttai-128,-1,44
57,28,2,17 78,utttai-128,cpp-alphabeta-d6,1,45
58,29,2,33 58,cpp-alphabeta-d6,utttai-128,-1,46
59,29,2,33 58,utttai-128,cpp-alphabeta-d6,1,35
60,30,2,6 56,cpp-alphabeta-d6,utttai-128,-1,44
61,30,2,6 56,utttai-128,cpp-alphabeta-d6,1,51
62,31,2,50 48,cpp-alphabeta-d6,utttai-128,-1,42
63,31,2,50 48,utttai-128,cpp-alphabeta-d6,1,45
64,32,2,33 55,cpp-alphabeta-d6,utttai-128,-1,42
65,32,2,33 55,utttai-128,cpp-alphabeta-d6,1,47
66,33,2,15 57,cpp-alphabeta-d6,utttai-128,-1,52
67,33,2,15 57,utttai-128,cpp-alphabeta-d6,1,41
68,34,2,25 63,cpp-alphabeta-d6,utttai-128,-1,36
69,34,2,25 63,utttai-128,cpp-alphabeta-d6,1,41
70,35,2,35 77,cpp-alphabeta-d6,utttai-128,-1,38
71,35,2,35 77,utttai-128,cpp-alphabeta-d6,1,47
0,0,2,64 13,cpp-alphabeta-d4,tactical,1,57
1,0,2,64 13,tactical,cpp-alphabeta-d4,1,47
2,1,2,4 39,cpp-alphabeta-d4,tactical,1,53
3,1,2,4 39,tactical,cpp-alphabeta-d4,0,55
4,2,2,50 47,cpp-alphabeta-d4,tactical,1,51
5,2,2,50 47,tactical,cpp-alphabeta-d4,-1,46
6,3,2,63 2,cpp-alphabeta-d4,tactical,1,59
7,3,2,63 2,tactical,cpp-alphabeta-d4,-1,54
8,4,2,65 20,cpp-alphabeta-d4,tactical,0,57
9,4,2,65 20,tactical,cpp-alphabeta-d4,-1,50
10,5,2,47 23,cpp-alphabeta-d4,tactical,1,51
11,5,2,47 23,tactical,cpp-alphabeta-d4,0,61
12,6,2,23 52,cpp-alphabeta-d4,tactical,1,47
13,6,2,23 52,tactical,cpp-alphabeta-d4,0,61
14,7,2,47 24,cpp-alphabeta-d4,tactical,1,55
15,7,2,47 24,tactical,cpp-alphabeta-d4,-1,58
16,8,2,15 60,cpp-alphabeta-d4,tactical,1,53
17,8,2,15 60,tactical,cpp-alphabeta-d4,-1,52
18,9,2,17 73,cpp-alphabeta-d4,tactical,-1,56
19,9,2,17 73,tactical,cpp-alphabeta-d4,0,63
20,10,2,4 42,cpp-alphabeta-d4,tactical,1,53
21,10,2,4 42,tactical,cpp-alphabeta-d4,-1,54
22,11,2,65 20,cpp-alphabeta-d4,tactical,1,47
23,11,2,65 20,tactical,cpp-alphabeta-d4,-1,50
24,12,2,62 77,cpp-alphabeta-d4,tactical,0,56
25,12,2,62 77,tactical,cpp-alphabeta-d4,-1,54
26,13,2,33 60,cpp-alphabeta-d4,tactical,0,60
27,13,2,33 60,tactical,cpp-alphabeta-d4,1,49
28,14,2,70 68,cpp-alphabeta-d4,tactical,1,51
29,14,2,70 68,tactical,cpp-alphabeta-d4,1,49
30,15,2,35 79,cpp-alphabeta-d4,tactical,1,59
31,15,2,35 79,tactical,cpp-alphabeta-d4,-1,54
32,16,2,30 29,cpp-alphabeta-d4,tactical,1,59
33,16,2,30 29,tactical,cpp-alphabeta-d4,-1,52
34,17,2,46 11,cpp-alphabeta-d4,tactical,1,49
35,17,2,46 11,tactical,cpp-alphabeta-d4,-1,56
36,18,2,27 6,cpp-alphabeta-d4,tactical,1,51
37,18,2,27 6,tactical,cpp-alphabeta-d4,0,67
38,19,2,77 51,cpp-alphabeta-d4,tactical,1,53
39,19,2,77 51,tactical,cpp-alphabeta-d4,-1,56
40,20,2,73 17,cpp-alphabeta-d4,tactical,-1,60
41,20,2,73 17,tactical,cpp-alphabeta-d4,-1,60
42,21,2,45 0,cpp-alphabeta-d4,tactical,1,53
43,21,2,45 0,tactical,cpp-alphabeta-d4,-1,56
44,22,2,62 79,cpp-alphabeta-d4,tactical,1,55
45,22,2,62 79,tactical,cpp-alphabeta-d4,-1,62
46,23,2,52 66,cpp-alphabeta-d4,tactical,1,61
47,23,2,52 66,tactical,cpp-alphabeta-d4,1,61
48,24,2,47 26,cpp-alphabeta-d4,tactical,1,55
49,24,2,47 26,tactical,cpp-alphabeta-d4,1,49
50,25,2,4 40,cpp-alphabeta-d4,tactical,1,57
51,25,2,4 40,tactical,cpp-alphabeta-d4,-1,56
52,26,2,57 34,cpp-alphabeta-d4,tactical,1,57
53,26,2,57 34,tactical,cpp-alphabeta-d4,-1,54
54,27,2,12 35,cpp-alphabeta-d4,tactical,0,61
55,27,2,12 35,tactical,cpp-alphabeta-d4,-1,52
56,28,2,32 45,cpp-alphabeta-d4,tactical,1,53
57,28,2,32 45,tactical,cpp-alphabeta-d4,-1,56
58,29,2,4 38,cpp-alphabeta-d4,tactical,1,47
59,29,2,4 38,tactical,cpp-alphabeta-d4,-1,52
60,30,2,30 34,cpp-alphabeta-d4,tactical,1,49
61,30,2,30 34,tactical,cpp-alphabeta-d4,-1,62
62,31,2,26 79,cpp-alphabeta-d4,tactical,0,50
63,31,2,26 79,tactical,cpp-alphabeta-d4,-1,46
64,32,2,43 63,cpp-alphabeta-d4,tactical,1,53
65,32,2,43 63,tactical,cpp-alphabeta-d4,-1,62
66,33,2,61 64,cpp-alphabeta-d4,tactical,1,61
67,33,2,61 64,tactical,cpp-alphabeta-d4,-1,58
68,34,2,1 13,cpp-alphabeta-d4,tactical,1,59
69,34,2,1 13,tactical,cpp-alphabeta-d4,-1,58
70,35,2,66 29,cpp-alphabeta-d4,tactical,1,55
71,35,2,66 29,tactical,cpp-alphabeta-d4,-1,54
0,0,2,77 46,cpp-alphabeta-d4,threat-block,1,47
1,0,2,77 46,threat-block,cpp-alphabeta-d4,-1,50
2,1,2,44 74,cpp-alphabeta-d4,threat-block,1,39
3,1,2,44 74,threat-block,cpp-alphabeta-d4,-1,42
4,2,2,53 76,cpp-alphabeta-d4,threat-block,1,39
5,2,2,53 76,threat-block,cpp-alphabeta-d4,-1,32
6,3,2,17 76,cpp-alphabeta-d4,threat-block,1,35
7,3,2,17 76,threat-block,cpp-alphabeta-d4,-1,36
8,4,2,2 18,cpp-alphabeta-d4,threat-block,1,47
9,4,2,2 18,threat-block,cpp-alphabeta-d4,0,43
10,5,2,79 66,cpp-alphabeta-d4,threat-block,0,51
11,5,2,79 66,threat-block,cpp-alphabeta-d4,-1,44
12,6,2,67 36,cpp-alphabeta-d4,threat-block,1,39
13,6,2,67 36,threat-block,cpp-alphabeta-d4,-1,42
14,7,2,49 37,cpp-alphabeta-d4,threat-block,1,43
15,7,2,49 37,threat-block,cpp-alphabeta-d4,0,50
16,8,2,80 76,cpp-alphabeta-d4,threat-block,1,49
17,8,2,80 76,threat-block,cpp-alphabeta-d4,0,53
18,9,2,41 50,cpp-alphabeta-d4,threat-block,1,37
19,9,2,41 50,threat-block,cpp-alphabeta-d4,-1,38
20,10,2,20 22,cpp-alphabeta-d4,threat-block,1,45
21,10,2,20 22,threat-block,cpp-alphabeta-d4,-1,52
22,11,2,15 54,cpp-alphabeta-d4,threat-block,1,41
23,11,2,15 54,threat-block,cpp-alphabeta-d4,0,55
24,12,2,6 54,cpp-alphabeta-d4,threat-block,1,39
25,12,2,6 54,threat-block,cpp-alphabeta-d4,-1,38
26,13,2,28 9,cpp-alphabeta-d4,threat-block,-1,42
27,13,2,28 9,threat-block,cpp-alphabeta-d4,-1,46
28,14,2,39 27,cpp-alphabeta-d4,threat-block,1,43
29,14,2,39 27,threat-block,cpp-alphabeta-d4,-1,48
30,15,2,74 25,cpp-alphabeta-d4,threat-block,1,39
31,15,2,74 25,threat-block,cpp-alphabeta-d4,-1,46
32,16,2,72 4,cpp-alphabeta-d4,threat-block,1,33
33,16,2,72 4,threat-block,cpp-alphabeta-d4,-1,44
34,17,2,2 21,cpp-alphabeta-d4,threat-block,1,57
35,17,2,2 21,threat-block,cpp-alphabeta-d4,-1,50
36,18,2,25 70,cpp-alphabeta-d4,threat-block,0,46
37,18,2,25 70,threat-block,cpp-alphabeta-d4,-1,46
38,19,2,16 66,cpp-alphabeta-d4,threat-block,1,43
39,19,2,16 66,threat-block,cpp-alphabeta-d4,-1,38
40,20,2,32 50,cpp-alphabeta-d4,threat-block,1,49
41,20,2,32 50,threat-block,cpp-alphabeta-d4,0,52
42,21,2,45 0,cpp-alphabeta-d4,threat-block,1,51
43,21,2,45 0,threat-block,cpp-alphabeta-d4,-1,44
44,22,2,30 31,cpp-alphabeta-d4,threat-block,-1,34
45,22,2,30 31,threat-block,cpp-alphabeta-d4,0,50
46,23,2,38 25,cpp-alphabeta-d4,threat-block,0,49
47,23,2,38 25,threat-block,cpp-alphabeta-d4,0,46
48,24,2,32 53,cpp-alphabeta-d4,threat-block,1,41
49,24,2,32 53,threat-block,cpp-alphabeta-d4,-1,36
50,25,2,13 38,cpp-alphabeta-d4,threat-block,1,37
51,25,2,13 38,threat-block,cpp-alphabeta-d4,-1,42
52,26,2,54 0,cpp-alphabeta-d4,threat-block,1,45
53,26,2,54 0,threat-block,cpp-alphabeta-d4,-1,38
54,27,2,28 11,cpp-alphabeta-d4,threat-block,1,45
55,27,2,28 11,threat-block,cpp-alphabeta-d4,-1,46
56,28,2,55 14,cpp-alphabeta-d4,threat-block,0,44
57,28,2,55 14,threat-block,cpp-alphabeta-d4,0,45
58,29,2,5 50,cpp-alphabeta-d4,threat-block,1,39
59,29,2,5 50,threat-block,cpp-alphabeta-d4,0,45
60,30,2,63 2,cpp-alphabeta-d4,threat-block,1,47
61,30,2,63 2,threat-block,cpp-alphabeta-d4,-1,42
62,31,2,66 27,cpp-alphabeta-d4,threat-block,1,45
63,31,2,66 27,threat-block,cpp-alphabeta-d4,0,44
64,32,2,70 63,cpp-alphabeta-d4,threat-block,1,43
65,32,2,70 63,threat-block,cpp-alphabeta-d4,-1,40
66,33,2,30 29,cpp-alphabeta-d4,threat-block,0,46
67,33,2,30 29,threat-block,cpp-alphabeta-d4,-1,40
68,34,2,65 21,cpp-alphabeta-d4,threat-block,1,43
69,34,2,65 21,threat-block,cpp-alphabeta-d4,-1,40
70,35,2,31 40,cpp-alphabeta-d4,threat-block,1,43
71,35,2,31 40,threat-block,cpp-alphabeta-d4,-1,44
0,0,2,65 20,cpp-alphabeta-d4,openspiel-mcts-100,1,47
1,0,2,65 20,openspiel-mcts-100,cpp-alphabeta-d4,-1,54
2,1,2,29 22,cpp-alphabeta-d4,openspiel-mcts-100,1,49
3,1,2,29 22,openspiel-mcts-100,cpp-alphabeta-d4,-1,52
4,2,2,24 57,cpp-alphabeta-d4,openspiel-mcts-100,1,29
5,2,2,24 57,openspiel-mcts-100,cpp-alphabeta-d4,-1,44
6,3,2,56 24,cpp-alphabeta-d4,openspiel-mcts-100,1,49
7,3,2,56 24,openspiel-mcts-100,cpp-alphabeta-d4,-1,56
8,4,2,7 71,cpp-alphabeta-d4,openspiel-mcts-100,1,43
9,4,2,7 71,openspiel-mcts-100,cpp-alphabeta-d4,-1,46
10,5,2,44 74,cpp-alphabeta-d4,openspiel-mcts-100,1,43
11,5,2,44 74,openspiel-mcts-100,cpp-alphabeta-d4,-1,32
12,6,2,15 58,cpp-alphabeta-d4,openspiel-mcts-100,1,49
13,6,2,15 58,openspiel-mcts-100,cpp-alphabeta-d4,-1,50
14,7,2,12 35,cpp-alphabeta-d4,openspiel-mcts-100,1,59
15,7,2,12 35,openspiel-mcts-100,cpp-alphabeta-d4,0,48
16,8,2,43 65,cpp-alphabeta-d4,openspiel-mcts-100,1,37
17,8,2,43 65,openspiel-mcts-100,cpp-alphabeta-d4,0,57
18,9,2,72 2,cpp-alphabeta-d4,openspiel-mcts-100,1,47
19,9,2,72 2,openspiel-mcts-100,cpp-alphabeta-d4,-1,46
20,10,2,56 26,cpp-alphabeta-d4,openspiel-mcts-100,1,43
21,10,2,56 26,openspiel-mcts-100,cpp-alphabeta-d4,-1,48
22,11,2,61 68,cpp-alphabeta-d4,openspiel-mcts-100,1,41
23,11,2,61 68,openspiel-mcts-100,cpp-alphabeta-d4,-1,34
24,12,2,32 50,cpp-alphabeta-d4,openspiel-mcts-100,1,45
25,12,2,32 50,openspiel-mcts-100,cpp-alphabeta-d4,-1,46
26,13,2,2 25,cpp-alphabeta-d4,openspiel-mcts-100,1,27
27,13,2,2 25,openspiel-mcts-100,cpp-alphabeta-d4,-1,40
28,14,2,25 69,cpp-alphabeta-d4,openspiel-mcts-100,1,45
29,14,2,25 69,openspiel-mcts-100,cpp-alphabeta-d4,-1,42
30,15,2,45 6,cpp-alphabeta-d4,openspiel-mcts-100,1,43
31,15,2,45 6,openspiel-mcts-100,cpp-alphabeta-d4,-1,52
32,16,2,12 32,cpp-alphabeta-d4,openspiel-mcts-100,-1,44
33,16,2,12 32,openspiel-mcts-100,cpp-alphabeta-d4,0,54
34,17,2,18 2,cpp-alphabeta-d4,openspiel-mcts-100,-1,50
35,17,2,18 2,openspiel-mcts-100,cpp-alphabeta-d4,-1,40
36,18,2,45 7,cpp-alphabeta-d4,openspiel-mcts-100,0,50
37,18,2,45 7,openspiel-mcts-100,cpp-alphabeta-d4,-1,44
38,19,2,43 67,cpp-alphabeta-d4,openspiel-mcts-100,1,45
39,19,2,43 67,openspiel-mcts-100,cpp-alphabeta-d4,-1,42
40,20,2,57 27,cpp-alphabeta-d4,openspiel-mcts-100,-1,52
41,20,2,57 27,openspiel-mcts-100,cpp-alphabeta-d4,0,55
42,21,2,37 9,cpp-alphabeta-d4,openspiel-mcts-100,1,57
43,21,2,37 9,openspiel-mcts-100,cpp-alphabeta-d4,1,49
44,22,2,10 12,cpp-alphabeta-d4,openspiel-mcts-100,-1,46
45,22,2,10 12,openspiel-mcts-100,cpp-alphabeta-d4,0,61
46,23,2,59 51,cpp-alphabeta-d4,openspiel-mcts-100,1,57
47,23,2,59 51,openspiel-mcts-100,cpp-alphabeta-d4,1,51
48,24,2,15 57,cpp-alphabeta-d4,openspiel-mcts-100,1,41
49,24,2,15 57,openspiel-mcts-100,cpp-alphabeta-d4,-1,50
50,25,2,36 8,cpp-alphabeta-d4,openspiel-mcts-100,1,37
51,25,2,36 8,openspiel-mcts-100,cpp-alphabeta-d4,-1,38
52,26,2,21 29,cpp-alphabeta-d4,openspiel-mcts-100,1,39
53,26,2,21 29,openspiel-mcts-100,cpp-alphabeta-d4,-1,46
54,27,2,26 80,cpp-alphabeta-d4,openspiel-mcts-100,1,33
55,27,2,26 80,openspiel-mcts-100,cpp-alphabeta-d4,1,47
56,28,2,49 41,cpp-alphabeta-d4,openspiel-mcts-100,-1,40
57,28,2,49 41,openspiel-mcts-100,cpp-alphabeta-d4,-1,42
58,29,2,25 70,cpp-alphabeta-d4,openspiel-mcts-100,1,31
59,29,2,25 70,openspiel-mcts-100,cpp-alphabeta-d4,-1,50
60,30,2,37 9,cpp-alphabeta-d4,openspiel-mcts-100,1,37
61,30,2,37 9,openspiel-mcts-100,cpp-alphabeta-d4,-1,54
62,31,2,3 35,cpp-alphabeta-d4,openspiel-mcts-100,1,49
63,31,2,3 35,openspiel-mcts-100,cpp-alphabeta-d4,0,56
64,32,2,54 3,cpp-alphabeta-d4,openspiel-mcts-100,1,45
65,32,2,54 3,openspiel-mcts-100,cpp-alphabeta-d4,-1,54
66,33,2,78 57,cpp-alphabeta-d4,openspiel-mcts-100,1,35
67,33,2,78 57,openspiel-mcts-100,cpp-alphabeta-d4,-1,50
68,34,2,17 80,cpp-alphabeta-d4,openspiel-mcts-100,1,41
69,34,2,17 80,openspiel-mcts-100,cpp-alphabeta-d4,-1,38
70,35,2,43 63,cpp-alphabeta-d4,openspiel-mcts-100,1,39
71,35,2,43 63,openspiel-mcts-100,cpp-alphabeta-d4,-1,52
0,0,2,45 0,cpp-alphabeta-d4,utttai-128,-1,40
1,0,2,45 0,utttai-128,cpp-alphabeta-d4,1,45
2,1,2,18 5,cpp-alphabeta-d4,utttai-128,-1,56
3,1,2,18 5,utttai-128,cpp-alphabeta-d4,1,41
4,2,2,65 26,cpp-alphabeta-d4,utttai-128,-1,48
5,2,2,65 26,utttai-128,cpp-alphabeta-d4,1,47
6,3,2,15 58,cpp-alphabeta-d4,utttai-128,-1,40
7,3,2,15 58,utttai-128,cpp-alphabeta-d4,1,43
8,4,2,0 2,cpp-alphabeta-d4,utttai-128,1,51
9,4,2,0 2,utttai-128,cpp-alphabeta-d4,1,41
10,5,2,18 5,cpp-alphabeta-d4,utttai-128,-1,56
11,5,2,18 5,utttai-128,cpp-alphabeta-d4,1,41
12,6,2,45 6,cpp-alphabeta-d4,utttai-128,-1,46
13,6,2,45 6,utttai-128,cpp-alphabeta-d4,1,39
14,7,2,71 76,cpp-alphabeta-d4,utttai-128,-1,50
15,7,2,71 76,utttai-128,cpp-alphabeta-d4,1,39
16,8,2,9 1,cpp-alphabeta-d4,utttai-128,-1,46
17,8,2,9 1,utttai-128,cpp-alphabeta-d4,1,55
18,9,2,78 56,cpp-alphabeta-d4,utttai-128,-1,46
19,9,2,78 56,utttai-128,cpp-alphabeta-d4,1,45
20,10,2,75 27,cpp-alphabeta-d4,utttai-128,-1,42
21,10,2,75 27,utttai-128,cpp-alphabeta-d4,1,41
22,11,2,14 52,cpp-alphabeta-d4,utttai-128,-1,40
23,11,2,14 52,utttai-128,cpp-alphabeta-d4,1,41
24,12,2,71 77,cpp-alphabeta-d4,utttai-128,-1,50
25,12,2,71 77,utttai-128,cpp-alphabeta-d4,1,51
26,13,2,8 76,cpp-alphabeta-d4,utttai-128,-1,48
27,13,2,8 76,utttai-128,cpp-alphabeta-d4,1,47
28,14,2,8 80,cpp-alphabeta-d4,utttai-128,-1,42
29,14,2,8 80,utttai-128,cpp-alphabeta-d4,1,41
30,15,2,26 76,cpp-alphabeta-d4,utttai-128,-1,44
31,15,2,26 76,utttai-128,cpp-alphabeta-d4,1,53
32,16,2,61 70,cpp-alphabeta-d4,utttai-128,-1,46
33,16,2,61 70,utttai-128,cpp-alphabeta-d4,1,49
34,17,2,25 66,cpp-alphabeta-d4,utttai-128,-1,50
35,17,2,25 66,utttai-128,cpp-alphabeta-d4,1,49
36,18,2,51 58,cpp-alphabeta-d4,utttai-128,-1,50
37,18,2,51 58,utttai-128,cpp-alphabeta-d4,1,47
38,19,2,17 74,cpp-alphabeta-d4,utttai-128,-1,46
39,19,2,17 74,utttai-128,cpp-alphabeta-d4,1,49
40,20,2,16 64,cpp-alphabeta-d4,utttai-128,-1,48
41,20,2,16 64,utttai-128,cpp-alphabeta-d4,1,47
42,21,2,9 7,cpp-alphabeta-d4,utttai-128,-1,38
43,21,2,9 7,utttai-128,cpp-alphabeta-d4,1,51
44,22,2,78 54,cpp-alphabeta-d4,utttai-128,-1,40
45,22,2,78 54,utttai-128,cpp-alphabeta-d4,1,47
46,23,2,20 23,cpp-alphabeta-d4,utttai-128,1,51
47,23,2,20 23,utttai-128,cpp-alphabeta-d4,1,57
48,24,2,30 28,cpp-alphabeta-d4,utttai-128,-1,48
49,24,2,30 28,utttai-128,cpp-alphabeta-d4,1,43
50,25,2,65 21,cpp-alphabeta-d4,utttai-128,-1,44
51,25,2,65 21,utttai-128,cpp-alphabeta-d4,1,43
52,26,2,39 33,cpp-alphabeta-d4,utttai-128,-1,44
53,26,2,39 33,utttai-128,cpp-alphabeta-d4,1,49
54,27,2,60 55,cpp-alphabeta-d4,utttai-128,-1,44
55,27,2,60 55,utttai-128,cpp-alphabeta-d4,1,45
56,28,2,80 78,cpp-alphabeta-d4,utttai-128,-1,44
57,28,2,80 78,utttai-128,cpp-alphabeta-d4,1,49
58,29,2,4 38,cpp-alphabeta-d4,utttai-128,-1,52
59,29,2,4 38,utttai-128,cpp-alphabeta-d4,1,49
60,30,2,71 78,cpp-alphabeta-d4,utttai-128,-1,52
61,30,2,71 78,utttai-128,cpp-alphabeta-d4,1,53
62,31,2,31 41,cpp-alphabeta-d4,utttai-128,-1,48
63,31,2,31 41,utttai-128,cpp-alphabeta-d4,1,39
64,32,2,32 49,cpp-alphabeta-d4,utttai-128,0,52
65,32,2,32 49,utttai-128,cpp-alphabeta-d4,1,45
66,33,2,61 69,cpp-alphabeta-d4,utttai-128,-1,44
67,33,2,61 69,utttai-128,cpp-alphabeta-d4,1,45
68,34,2,63 0,cpp-alphabeta-d4,utttai-128,-1,46
69,34,2,63 0,utttai-128,cpp-alphabeta-d4,1,49
70,35,2,47 19,cpp-alphabeta-d4,utttai-128,-1,44
71,35,2,47 19,utttai-128,cpp-alphabeta-d4,1,51
0,0,2,7 68,tactical,threat-block,0,45
1,0,2,7 68,threat-block,tactical,1,39
2,1,2,49 44,tactical,threat-block,1,47
3,1,2,49 44,threat-block,tactical,-1,42
4,2,2,15 56,tactical,threat-block,0,39
5,2,2,15 56,threat-block,tactical,-1,36
6,3,2,32 51,tactical,threat-block,1,41
7,3,2,32 51,threat-block,tactical,-1,44
8,4,2,30 32,tactical,threat-block,0,54
9,4,2,30 32,threat-block,tactical,0,47
10,5,2,70 65,tactical,threat-block,1,45
11,5,2,70 65,threat-block,tactical,-1,40
12,6,2,72 7,tactical,threat-block,1,53
13,6,2,72 7,threat-block,tactical,-1,34
14,7,2,28 16,tactical,threat-block,1,41
15,7,2,28 16,threat-block,tactical,-1,48
16,8,2,32 50,tactical,threat-block,0,44
17,8,2,32 50,threat-block,tactical,-1,46
18,9,2,16 66,tactical,threat-block,0,45
19,9,2,16 66,threat-block,tactical,-1,42
20,10,2,71 79,tactical,threat-block,1,41
21,10,2,71 79,threat-block,tactical,0,49
22,11,2,3 34,tactical,threat-block,1,41
23,11,2,3 34,threat-block,tactical,-1,52
24,12,2,25 68,tactical,threat-block,1,47
25,12,2,25 68,threat-block,tactical,-1,48
26,13,2,54 7,tactical,threat-block,1,43
27,13,2,54 7,threat-block,tactical,0,47
28,14,2,10 9,tactical,threat-block,1,45
29,14,2,10 9,threat-block,tactical,-1,38
30,15,2,20 19,tactical,threat-block,1,47
31,15,2,20 19,threat-block,tactical,-1,44
32,16,2,37 12,tactical,threat-block,1,43
33,16,2,37 12,threat-block,tactical,-1,44
34,17,2,6 62,tactical,threat-block,1,43
35,17,2,6 62,threat-block,tactical,-1,46
36,18,2,15 61,tactical,threat-block,1,49
37,18,2,15 61,threat-block,tactical,-1,44
38,19,2,62 75,tactical,threat-block,-1,48
39,19,2,62 75,threat-block,tactical,0,44
40,20,2,29 23,tactical,threat-block,1,43
41,20,2,29 23,threat-block,tactical,0,49
42,21,2,10 12,tactical,threat-block,1,47
43,21,2,10 12,threat-block,tactical,1,45
44,22,2,26 77,tactical,threat-block,1,45
45,22,2,26 77,threat-block,tactical,-1,46
46,23,2,75 33,tactical,threat-block,1,41
47,23,2,75 33,threat-block,tactical,0,46
48,24,2,7 71,tactical,threat-block,1,51
49,24,2,7 71,threat-block,tactical,-1,44
50,25,2,16 65,tactical,threat-block,1,43
51,25,2,16 65,threat-block,tactical,-1,48
52,26,2,31 37,tactical,threat-block,-1,44
53,26,2,31 37,threat-block,tactical,-1,40
54,27,2,49 39,tactical,threat-block,1,39
55,27,2,49 39,threat-block,tactical,0,43
56,28,2,49 37,tactical,threat-block,1,41
57,28,2,49 37,threat-block,tactical,-1,40
58,29,2,76 37,tactical,threat-block,1,41
59,29,2,76 37,threat-block,tactical,0,46
60,30,2,35 79,tactical,threat-block,1,43
61,30,2,35 79,threat-block,tactical,-1,44
62,31,2,55 10,tactical,threat-block,1,45
63,31,2,55 10,threat-block,tactical,-1,42
64,32,2,51 54,tactical,threat-block,0,50
65,32,2,51 54,threat-block,tactical,0,46
66,33,2,55 10,tactical,threat-block,1,45
67,33,2,55 10,threat-block,tactical,-1,44
68,34,2,49 43,tactical,threat-block,0,42
69,34,2,49 43,threat-block,tactical,-1,40
70,35,2,23 47,tactical,threat-block,0,43
71,35,2,23 47,threat-block,tactical,-1,38
0,0,2,43 69,tactical,openspiel-mcts-100,1,45
1,0,2,43 69,openspiel-mcts-100,tactical,-1,36
2,1,2,18 7,tactical,openspiel-mcts-100,1,39
3,1,2,18 7,openspiel-mcts-100,tactical,1,45
4,2,2,11 22,tactical,openspiel-mcts-100,1,47
5,2,2,11 22,openspiel-mcts-100,tactical,-1,48
6,3,2,4 44,tactical,openspiel-mcts-100,1,51
7,3,2,4 44,openspiel-mcts-100,tactical,0,52
8,4,2,26 80,tactical,openspiel-mcts-100,1,55
9,4,2,26 80,openspiel-mcts-100,tactical,-1,54
10,5,2,60 61,tactical,openspiel-mcts-100,0,60
11,5,2,60 61,openspiel-mcts-100,tactical,-1,46
12,6,2,76 37,tactical,openspiel-mcts-100,1,45
13,6,2,76 37,openspiel-mcts-100,tactical,-1,46
14,7,2,48 33,tactical,openspiel-mcts-100,1,43
15,7,2,48 33,openspiel-mcts-100,tactical,1,53
16,8,2,31 36,tactical,openspiel-mcts-100,1,47
17,8,2,31 36,openspiel-mcts-100,tactical,-1,36
18,9,2,53 75,tactical,openspiel-mcts-100,1,51
19,9,2,53 75,openspiel-mcts-100,tactical,0,52
20,10,2,57 28,tactical,openspiel-mcts-100,0,56
21,10,2,57 28,openspiel-mcts-100,tactical,1,49
22,11,2,28 10,tactical,openspiel-mcts-100,1,51
23,11,2,28 10,openspiel-mcts-100,tactical,-1,42
24,12,2,69 56,tactical,openspiel-mcts-100,1,59
25,12,2,69 56,openspiel-mcts-100,tactical,-1,44
26,13,2,57 27,tactical,openspiel-mcts-100,1,51
27,13,2,57 27,openspiel-mcts-100,tactical,-1,46
28,14,2,46 11,tactical,openspiel-mcts-100,1,45
29,14,2,46 11,openspiel-mcts-100,tactical,-1,54
30,15,2,55 17,tactical,openspiel-mcts-100,-1,46
31,15,2,55 17,openspiel-mcts-100,tactical,-1,52
32,16,2,22 37,tactical,openspiel-mcts-100,-1,48
33,16,2,22 37,openspiel-mcts-100,tactical,1,47
34,17,2,46 12,tactical,openspiel-mcts-100,1,41
35,17,2,46 12,openspiel-mcts-100,tactical,1,57
36,18,2,44 78,tactical,openspiel-mcts-100,0,56
37,18,2,44 78,openspiel-mcts-100,tactical,-1,44
38,19,2,12 34,tactical,openspiel-mcts-100,1,51
39,19,2,12 34,openspiel-mcts-100,tactical,-1,48
40,20,2,20 22,tactical,openspiel-mcts-100,1,43
41,20,2,20 22,openspiel-mcts-100,tactical,1,43
42,21,2,76 40,tactical,openspiel-mcts-100,1,53
43,21,2,76 40,openspiel-mcts-100,tactical,0,54
44,22,2,27 1,tactical,openspiel-mcts-100,0,60
45,22,2,27 1,openspiel-mcts-100,tactical,-1,42
46,23,2,68 49,tactical,openspiel-mcts-100,1,39
47,23,2,68 49,openspiel-mcts-100,tactical,-1,50
48,24,2,2 25,tactical,openspiel-mcts-100,1,47
49,24,2,2 25,openspiel-mcts-100,tactical,-1,44
50,25,2,33 55,tactical,openspiel-mcts-100,-1,50
51,25,2,33 55,openspiel-mcts-100,tactical,1,49
52,26,2,12 35,tactical,openspiel-mcts-100,1,35
53,26,2,12 35,openspiel-mcts-100,tactical,0,46
54,27,2,12 33,tactical,openspiel-mcts-100,0,59
55,27,2,12 33,openspiel-mcts-100,tactical,1,45
56,28,2,62 72,tactical,openspiel-mcts-100,0,65
57,28,2,62 72,openspiel-mcts-100,tactical,-1,44
58,29,2,28 16,tactical,openspiel-mcts-100,1,53
59,29,2,28 16,openspiel-mcts-100,tactical,1,55
60,30,2,15 55,tactical,openspiel-mcts-100,1,47
61,30,2,15 55,openspiel-mcts-100,tactical,-1,48
62,31,2,36 0,tactical,openspiel-mcts-100,1,47
63,31,2,36 0,openspiel-mcts-100,tactical,-1,46
64,32,2,68 51,tactical,openspiel-mcts-100,-1,54
65,32,2,68 51,openspiel-mcts-100,tactical,0,52
66,33,2,49 42,tactical,openspiel-mcts-100,1,43
67,33,2,49 42,openspiel-mcts-100,tactical,-1,52
68,34,2,45 1,tactical,openspiel-mcts-100,-1,50
69,34,2,45 1,openspiel-mcts-100,tactical,0,49
70,35,2,31 37,tactical,openspiel-mcts-100,1,47
71,35,2,31 37,openspiel-mcts-100,tactical,-1,52
0,0,2,72 4,tactical,utttai-128,-1,44
1,0,2,72 4,utttai-128,tactical,1,49
2,1,2,48 29,tactical,utttai-128,-1,44
3,1,2,48 29,utttai-128,tactical,1,47
4,2,2,23 45,tactical,utttai-128,-1,50
5,2,2,23 45,utttai-128,tactical,1,47
6,3,2,43 69,tactical,utttai-128,-1,56
7,3,2,43 69,utttai-128,tactical,1,59
8,4,2,30 29,tactical,utttai-128,-1,46
9,4,2,30 29,utttai-128,tactical,1,43
10,5,2,18 7,tactical,utttai-128,-1,50
11,5,2,18 7,utttai-128,tactical,1,49
12,6,2,65 21,tactical,utttai-128,-1,48
13,6,2,65 21,utttai-128,tactical,1,47
14,7,2,10 11,tactical,utttai-128,-1,48
15,7,2,10 11,utttai-128,tactical,1,45
16,8,2,40 42,tactical,utttai-128,-1,44
17,8,2,40 42,utttai-128,tactical,1,43
18,9,2,52 70,tactical,utttai-128,-1,40
19,9,2,52 70,utttai-128,tactical,1,51
20,10,2,49 42,tactical,utttai-128,-1,46
21,10,2,49 42,utttai-128,tactical,1,45
22,11,2,24 62,tactical,utttai-128,-1,44
23,11,2,24 62,utttai-128,tactical,1,51
24,12,2,5 48,tactical,utttai-128,-1,50
25,12,2,5 48,utttai-128,tactical,1,49
26,13,2,4 37,tactical,utttai-128,-1,44
27,13,2,4 37,utttai-128,tactical,1,43
28,14,2,24 62,tactical,utttai-128,-1,48
29,14,2,24 62,utttai-128,tactical,1,47
30,15,2,46 14,tactical,utttai-128,-1,54
31,15,2,46 14,utttai-128,tactical,1,43
32,16,2,64 10,tactical,utttai-128,-1,52
33,16,2,64 10,utttai-128,tactical,1,53
34,17,2,39 33,tactical,utttai-128,-1,52
35,17,2,39 33,utttai-128,tactical,1,47
36,18,2,21 29,tactical,utttai-128,-1,46
37,18,2,21 29,utttai-128,tactical,1,35
38,19,2,25 70,tactical,utttai-128,-1,44
39,19,2,25 70,utttai-128,tactical,1,51
40,20,2,7 65,tactical,utttai-128,-1,48
41,20,2,7 65,utttai-128,tactical,1,51
42,21,2,63 2,tactical,utttai-128,-1,50
43,21,2,63 2,utttai-128,tactical,1,43
44,22,2,63 6,tactical,utttai-128,-1,42
45,22,2,63 6,utttai-128,tactical,1,41
46,23,2,2 26,tactical,utttai-128,-1,46
47,23,2,2 26,utttai-128,tactical,1,47
48,24,2,67 42,tactical,utttai-128,-1,44
49,24,2,67 42,utttai-128,tactical,1,51
50,25,2,29 23,tactical,utttai-128,-1,42
51,25,2,29 23,utttai-128,tactical,1,45
52,26,2,69 55,tactical,utttai-128,-1,42
53,26,2,69 55,utttai-128,tactical,1,51
54,27,2,52 64,tactical,utttai-128,-1,40
55,27,2,52 64,utttai-128,tactical,1,45
56,28,2,79 67,tactical,utttai-128,-1,46
57,28,2,79 67,utttai-128,tactical,1,49
58,29,2,78 58,tactical,utttai-128,-1,44
59,29,2,78 58,utttai-128,tactical,1,47
60,30,2,65 19,tactical,utttai-128,-1,46
61,30,2,65 19,utttai-128,tactical,1,45
62,31,2,50 53,tactical,utttai-128,-1,54
63,31,2,50 53,utttai-128,tactical,1,53
64,32,2,0 3,tactical,utttai-128,-1,46
65,32,2,0 3,utttai-128,tactical,1,47
66,33,2,17 77,tactical,utttai-128,-1,56
67,33,2,17 77,utttai-128,tactical,1,53
68,34,2,0 3,tactical,utttai-128,-1,46
69,34,2,0 3,utttai-128,tactical,1,49
70,35,2,45 0,tactical,utttai-128,-1,52
71,35,2,45 0,utttai-128,tactical,1,41
0,0,2,1 12,threat-block,openspiel-mcts-100,0,51
1,0,2,1 12,openspiel-mcts-100,threat-block,0,50
2,1,2,70 69,threat-block,openspiel-mcts-100,0,47
3,1,2,70 69,openspiel-mcts-100,threat-block,0,54
4,2,2,67 39,threat-block,openspiel-mcts-100,-1,44
5,2,2,67 39,openspiel-mcts-100,threat-block,1,41
6,3,2,18 1,threat-block,openspiel-mcts-100,0,41
7,3,2,18 1,openspiel-mcts-100,threat-block,1,45
8,4,2,30 27,threat-block,openspiel-mcts-100,0,51
9,4,2,30 27,openspiel-mcts-100,threat-block,0,50
10,5,2,54 0,threat-block,openspiel-mcts-100,-1,38
11,5,2,54 0,openspiel-mcts-100,threat-block,1,43
12,6,2,55 10,threat-block,openspiel-mcts-100,-1,42
13,6,2,55 10,openspiel-mcts-100,threat-block,1,43
14,7,2,74 20,threat-block,openspiel-mcts-100,0,50
15,7,2,74 20,openspiel-mcts-100,threat-block,0,49
16,8,2,1 10,threat-block,openspiel-mcts-100,0,49
17,8,2,1 10,openspiel-mcts-100,threat-block,-1,56
18,9,2,18 8,threat-block,openspiel-mcts-100,-1,44
19,9,2,18 8,openspiel-mcts-100,threat-block,1,43
20,10,2,65 23,threat-block,openspiel-mcts-100,-1,40
21,10,2,65 23,openspiel-mcts-100,threat-block,0,52
22,11,2,63 4,threat-block,openspiel-mcts-100,-1,42
23,11,2,63 4,openspiel-mcts-100,threat-block,-1,40
24,12,2,22 40,threat-block,openspiel-mcts-100,-1,38
25,12,2,22 40,openspiel-mcts-100,threat-block,0,53
26,13,2,74 20,threat-block,openspiel-mcts-100,-1,42
27,13,2,74 20,openspiel-mcts-100,threat-block,1,53
28,14,2,52 70,threat-block,openspiel-mcts-100,-1,38
29,14,2,52 70,openspiel-mcts-100,threat-block,0,48
30,15,2,16 69,threat-block,openspiel-mcts-100,-1,48
31,15,2,16 69,openspiel-mcts-100,threat-block,1,43
32,16,2,29 19,threat-block,openspiel-mcts-100,-1,44
33,16,2,29 19,openspiel-mcts-100,threat-block,1,41
34,17,2,5 49,threat-block,openspiel-mcts-100,0,51
35,17,2,5 49,openspiel-mcts-100,threat-block,1,41
36,18,2,48 34,threat-block,openspiel-mcts-100,1,39
37,18,2,48 34,openspiel-mcts-100,threat-block,0,53
38,19,2,72 6,threat-block,openspiel-mcts-100,-1,38
39,19,2,72 6,openspiel-mcts-100,threat-block,1,41
40,20,2,36 3,threat-block,openspiel-mcts-100,1,47
41,20,2,36 3,openspiel-mcts-100,threat-block,0,53
42,21,2,20 21,threat-block,openspiel-mcts-100,-1,40
43,21,2,20 21,openspiel-mcts-100,threat-block,-1,36
44,22,2,79 64,threat-block,openspiel-mcts-100,0,42
45,22,2,79 64,openspiel-mcts-100,threat-block,1,47
46,23,2,29 21,threat-block,openspiel-mcts-100,-1,44
47,23,2,29 21,openspiel-mcts-100,threat-block,-1,34
48,24,2,67 42,threat-block,openspiel-mcts-100,1,47
49,24,2,67 42,openspiel-mcts-100,threat-block,0,53
50,25,2,9 8,threat-block,openspiel-mcts-100,0,50
51,25,2,9 8,openspiel-mcts-100,threat-block,1,45
52,26,2,55 16,threat-block,openspiel-mcts-100,-1,44
53,26,2,55 16,openspiel-mcts-100,threat-block,-1,38
54,27,2,46 14,threat-block,openspiel-mcts-100,0,43
55,27,2,46 14,openspiel-mcts-100,threat-block,1,41
56,28,2,38 22,threat-block,openspiel-mcts-100,-1,48
57,28,2,38 22,openspiel-mcts-100,threat-block,1,53
58,29,2,73 17,threat-block,openspiel-mcts-100,-1,40
59,29,2,73 17,openspiel-mcts-100,threat-block,1,41
60,30,2,59 50,threat-block,openspiel-mcts-100,-1,46
61,30,2,59 50,openspiel-mcts-100,threat-block,0,36
62,31,2,66 30,threat-block,openspiel-mcts-100,1,41
63,31,2,66 30,openspiel-mcts-100,threat-block,1,47
64,32,2,60 56,threat-block,openspiel-mcts-100,-1,44
65,32,2,60 56,openspiel-mcts-100,threat-block,1,47
66,33,2,63 0,threat-block,openspiel-mcts-100,-1,44
67,33,2,63 0,openspiel-mcts-100,threat-block,-1,42
68,34,2,73 10,threat-block,openspiel-mcts-100,-1,48
69,34,2,73 10,openspiel-mcts-100,threat-block,0,52
70,35,2,75 31,threat-block,openspiel-mcts-100,0,47
71,35,2,75 31,openspiel-mcts-100,threat-block,0,48
0,0,2,65 22,threat-block,utttai-128,-1,38
1,0,2,65 22,utttai-128,threat-block,1,39
2,1,2,11 23,threat-block,utttai-128,-1,30
3,1,2,11 23,utttai-128,threat-block,1,35
4,2,2,45 1,threat-block,utttai-128,-1,32
5,2,2,45 1,utttai-128,threat-block,1,35
6,3,2,66 31,threat-block,utttai-128,-1,46
7,3,2,66 31,utttai-128,threat-block,1,33
8,4,2,71 74,threat-block,utttai-128,-1,32
9,4,2,71 74,utttai-128,threat-block,1,41
10,5,2,55 11,threat-block,utttai-128,-1,34
11,5,2,55 11,utttai-128,threat-block,1,41
12,6,2,8 76,threat-block,utttai-128,-1,38
13,6,2,8 76,utttai-128,threat-block,1,31
14,7,2,1 12,threat-block,utttai-128,-1,34
15,7,2,1 12,utttai-128,threat-block,1,37
16,8,2,17 78,threat-block,utttai-128,-1,36
17,8,2,17 78,utttai-128,threat-block,1,35
18,9,2,28 15,threat-block,utttai-128,-1,38
19,9,2,28 15,utttai-128,threat-block,1,39
20,10,2,8 73,threat-block,utttai-128,-1,36
21,10,2,8 73,utttai-128,threat-block,1,39
22,11,2,21 35,threat-block,utttai-128,-1,34
23,11,2,21 35,utttai-128,threat-block,1,37
24,12,2,31 38,threat-block,utttai-128,-1,34
25,12,2,31 38,utttai-128,threat-block,1,33
26,13,2,57 32,threat-block,utttai-128,-1,36
27,13,2,57 32,utttai-128,threat-block,1,33
28,14,2,52 70,threat-block,utttai-128,-1,30
29,14,2,52 70,utttai-128,threat-block,1,37
30,15,2,0 5,threat-block,utttai-128,-1,40
31,15,2,0 5,utttai-128,threat-block,1,49
32,16,2,11 24,threat-block,utttai-128,-1,36
33,16,2,11 24,utttai-128,threat-block,1,45
34,17,2,32 53,threat-block,utttai-128,-1,28
35,17,2,32 53,utttai-128,threat-block,1,33
36,18,2,49 37,threat-block,utttai-128,-1,28
37,18,2,49 37,utttai-128,threat-block,1,41
38,19,2,63 1,threat-block,utttai-128,-1,36
39,19,2,63 1,utttai-128,threat-block,1,33
40,20,2,58 37,threat-block,utttai-128,-1,32
41,20,2,58 37,utttai-128,threat-block,1,41
42,21,2,23 53,threat-block,utttai-128,-1,32
43,21,2,23 53,utttai-128,threat-block,1,37
44,22,2,75 31,threat-block,utttai-128,-1,32
45,22,2,75 31,utttai-128,threat-block,1,41
46,23,2,3 30,threat-block,utttai-128,-1,38
47,23,2,3 30,utttai-128,threat-block,1,33
48,24,2,34 64,threat-block,utttai-128,-1,42
49,24,2,34 64,utttai-128,threat-block,1,41
50,25,2,31 39,threat-block,utttai-128,-1,32
51,25,2,31 39,utttai-128,threat-block,1,35
52,26,2,36 5,threat-block,utttai-128,-1,40
53,26,2,36 5,utttai-128,threat-block,1,37
54,27,2,50 48,threat-block,utttai-128,-1,36
55,27,2,50 48,utttai-128,threat-block,1,39
56,28,2,34 66,threat-block,utttai-128,-1,32
57,28,2,34 66,utttai-128,threat-block,1,35
58,29,2,48 28,threat-block,utttai-128,-1,38
59,29,2,48 28,utttai-128,threat-block,1,35
60,30,2,64 11,threat-block,utttai-128,-1,40
61,30,2,64 11,utttai-128,threat-block,1,31
62,31,2,79 69,threat-block,utttai-128,-1,32
63,31,2,79 69,utttai-128,threat-block,1,33
64,32,2,54 5,threat-block,utttai-128,-1,34
65,32,2,54 5,utttai-128,threat-block,1,31
66,33,2,70 68,threat-block,utttai-128,-1,38
67,33,2,70 68,utttai-128,threat-block,1,33
68,34,2,34 70,threat-block,utttai-128,-1,36
69,34,2,34 70,utttai-128,threat-block,1,37
70,35,2,65 19,threat-block,utttai-128,-1,44
71,35,2,65 19,utttai-128,threat-block,1,33
0,0,2,39 30,openspiel-mcts-100,utttai-128,-1,42
1,0,2,39 30,utttai-128,openspiel-mcts-100,1,41
2,1,2,78 57,openspiel-mcts-100,utttai-128,-1,48
3,1,2,78 57,utttai-128,openspiel-mcts-100,1,31
4,2,2,76 38,openspiel-mcts-100,utttai-128,-1,40
5,2,2,76 38,utttai-128,openspiel-mcts-100,1,47
6,3,2,12 35,openspiel-mcts-100,utttai-128,-1,44
7,3,2,12 35,utttai-128,openspiel-mcts-100,1,45
8,4,2,45 4,openspiel-mcts-100,utttai-128,-1,42
9,4,2,45 4,utttai-128,openspiel-mcts-100,1,39
10,5,2,49 44,openspiel-mcts-100,utttai-128,-1,48
11,5,2,49 44,utttai-128,openspiel-mcts-100,1,33
12,6,2,1 12,openspiel-mcts-100,utttai-128,-1,40
13,6,2,1 12,utttai-128,openspiel-mcts-100,1,45
14,7,2,25 68,openspiel-mcts-100,utttai-128,-1,40
15,7,2,25 68,utttai-128,openspiel-mcts-100,1,43
16,8,2,63 1,openspiel-mcts-100,utttai-128,-1,42
17,8,2,63 1,utttai-128,openspiel-mcts-100,1,43
18,9,2,17 76,openspiel-mcts-100,utttai-128,-1,44
19,9,2,17 76,utttai-128,openspiel-mcts-100,1,43
20,10,2,58 38,openspiel-mcts-100,utttai-128,-1,30
21,10,2,58 38,utttai-128,openspiel-mcts-100,1,49
22,11,2,21 29,openspiel-mcts-100,utttai-128,-1,36
23,11,2,21 29,utttai-128,openspiel-mcts-100,1,39
24,12,2,49 41,openspiel-mcts-100,utttai-128,-1,36
25,12,2,49 41,utttai-128,openspiel-mcts-100,1,37
26,13,2,2 21,openspiel-mcts-100,utttai-128,-1,38
27,13,2,2 21,utttai-128,openspiel-mcts-100,1,37
28,14,2,43 69,openspiel-mcts-100,utttai-128,-1,38
29,14,2,43 69,utttai-128,openspiel-mcts-100,1,39
30,15,2,54 0,openspiel-mcts-100,utttai-128,-1,44
31,15,2,54 0,utttai-128,openspiel-mcts-100,1,41
32,16,2,52 65,openspiel-mcts-100,utttai-128,-1,46
33,16,2,52 65,utttai-128,openspiel-mcts-100,1,37
34,17,2,55 17,openspiel-mcts-100,utttai-128,-1,40
35,17,2,55 17,utttai-128,openspiel-mcts-100,1,33
36,18,2,72 1,openspiel-mcts-100,utttai-128,-1,34
37,18,2,72 1,utttai-128,openspiel-mcts-100,1,45
38,19,2,8 73,openspiel-mcts-100,utttai-128,-1,50
39,19,2,8 73,utttai-128,openspiel-mcts-100,1,35
40,20,2,68 51,openspiel-mcts-100,utttai-128,-1,44
41,20,2,68 51,utttai-128,openspiel-mcts-100,1,37
42,21,2,77 49,openspiel-mcts-100,utttai-128,-1,38
43,21,2,77 49,utttai-128,openspiel-mcts-100,1,43
44,22,2,74 26,openspiel-mcts-100,utttai-128,-1,38
45,22,2,74 26,utttai-128,openspiel-mcts-100,1,33
46,23,2,24 62,openspiel-mcts-100,utttai-128,-1,48
47,23,2,24 62,utttai-128,openspiel-mcts-100,1,41
48,24,2,67 36,openspiel-mcts-100,utttai-128,-1,32
49,24,2,67 36,utttai-128,openspiel-mcts-100,1,37
50,25,2,43 68,openspiel-mcts-100,utttai-128,-1,38
51,25,2,43 68,utttai-128,openspiel-mcts-100,1,49
52,26,2,51 60,openspiel-mcts-100,utttai-128,-1,34
53,26,2,51 60,utttai-128,openspiel-mcts-100,1,37
54,27,2,35 79,openspiel-mcts-100,utttai-128,-1,40
55,27,2,35 79,utttai-128,openspiel-mcts-100,1,41
56,28,2,21 32,openspiel-mcts-100,utttai-128,-1,50
57,28,2,21 32,utttai-128,openspiel-mcts-100,1,37
58,29,2,26 74,openspiel-mcts-100,utttai-128,-1,50
59,29,2,26 74,utttai-128,openspiel-mcts-100,1,29
60,30,2,66 27,openspiel-mcts-100,utttai-128,-1,50
61,30,2,66 27,utttai-128,openspiel-mcts-100,1,41
62,31,2,48 29,openspiel-mcts-100,utttai-128,-1,42
63,31,2,48 29,utttai-128,openspiel-mcts-100,1,41
64,32,2,43 68,openspiel-mcts-100,utttai-128,-1,50
65,32,2,43 68,utttai-128,openspiel-mcts-100,1,45
66,33,2,59 45,openspiel-mcts-100,utttai-128,-1,38
67,33,2,59 45,utttai-128,openspiel-mcts-100,1,45
68,34,2,65 23,openspiel-mcts-100,utttai-128,-1,40
69,34,2,65 23,utttai-128,openspiel-mcts-100,1,31
70,35,2,39 31,openspiel-mcts-100,utttai-128,-1,46
71,35,2,39 31,utttai-128,openspiel-mcts-100,1,47
